# Single barrel - centered at origin
# Units: centimeters (scale 0.01 for meters)

v 20.337169 -0.299617 18.133324
v 23.662880 -0.299617 13.508731
v 25.954411 -0.299617 8.293741
v 27.111607 -0.299617 2.716278
v 27.083897 -0.299617 -2.979901
v 25.872490 -0.299617 -8.545844
v 23.530332 -0.299617 -13.738292
v 20.159784 -0.299617 -18.330309
v 15.908154 -0.299617 -22.121203
v 10.961264 -0.299617 -24.945293
v 5.535314 -0.299617 -26.679153
v -0.132556 -0.299617 -27.247008
v -5.794632 -0.299617 -26.624034
v -11.203456 -0.299617 -24.837465
v -16.122633 -0.299617 -21.965376
v -20.337174 -0.299617 -18.133297
v -23.662884 -0.299617 -13.508705
v -25.954413 -0.299617 -8.293720
v -27.111609 -0.299617 -2.716257
v -27.083899 -0.299617 2.979920
v -25.872492 -0.299617 8.545859
v -23.530332 -0.299617 13.738302
v -20.159786 -0.299617 18.330317
v -15.908160 -0.299617 22.121207
v -10.961272 -0.299617 24.945297
v -5.535324 -0.299617 26.679156
v 0.132544 -0.299617 27.247008
v 5.794617 -0.299617 26.624037
v 11.203436 -0.299617 24.837465
v 16.122612 -0.299617 21.965381
v 20.337169 0.842482 18.133324
v 23.662880 0.842482 13.508731
v 25.954411 0.842482 8.293741
v 27.111607 0.842482 2.716278
v 27.083897 0.842482 -2.979901
v 25.872490 0.842482 -8.545844
v 23.530332 0.842482 -13.738292
v 20.159784 0.842482 -18.330309
v 15.908154 0.842482 -22.121203
v 10.961264 0.842482 -24.945293
v 5.535314 0.842482 -26.679153
v -0.132556 0.842482 -27.247008
v -5.794632 0.842482 -26.624034
v -11.203456 0.842482 -24.837465
v -16.122633 0.842482 -21.965376
v -20.337174 0.842482 -18.133297
v -23.662884 0.842482 -13.508705
v -25.954413 0.842482 -8.293720
v -27.111609 0.842482 -2.716257
v -27.083899 0.842482 2.979920
v -25.872492 0.842482 8.545859
v -23.530332 0.842482 13.738302
v -20.159786 0.842482 18.330317
v -15.908160 0.842482 22.121207
v -10.961272 0.842482 24.945297
v -5.535324 0.842482 26.679156
v 0.132544 0.842482 27.247008
v 5.794617 0.842482 26.624037
v 11.203436 0.842482 24.837465
v 16.122612 0.842482 21.965381
v 20.337169 23.849155 18.133324
v 23.662880 23.849155 13.508731
v 25.954411 23.849155 8.293741
v 27.111607 23.849155 2.716278
v 27.083897 23.849155 -2.979901
v 25.872490 23.849155 -8.545844
v 23.530332 23.849155 -13.738292
v 20.159784 23.849155 -18.330309
v 15.908154 23.849155 -22.121203
v 10.961264 23.849155 -24.945293
v 5.535314 23.849155 -26.679153
v -0.132556 23.849155 -27.247008
v -5.794632 23.849155 -26.624034
v -11.203456 23.849155 -24.837465
v -16.122633 23.849155 -21.965376
v -20.337174 23.849155 -18.133297
v -23.662884 23.849155 -13.508705
v -25.954413 23.849155 -8.293720
v -27.111609 23.849155 -2.716257
v -27.083899 23.849155 2.979920
v -25.872492 23.849155 8.545859
v -23.530332 23.849155 13.738302
v -20.159786 23.849155 18.330317
v -15.908160 23.849155 22.121207
v -10.961272 23.849155 24.945297
v -5.535324 23.849155 26.679156
v 0.132544 23.849155 27.247008
v 5.794617 23.849155 26.624037
v 11.203436 23.849155 24.837465
v 16.122612 23.849155 21.965381
v 20.337169 50.062363 18.133324
v 23.662880 50.062363 13.508731
v 25.954411 50.062363 8.293741
v 27.111607 50.062363 2.716278
v 27.083897 50.062363 -2.979901
v 25.872490 50.062363 -8.545844
v 23.530332 50.062363 -13.738292
v 20.159784 50.062363 -18.330309
v 15.908154 50.062363 -22.121203
v 10.961264 50.062363 -24.945293
v 5.535314 50.062363 -26.679153
v -0.132556 50.062363 -27.247008
v -5.794632 50.062363 -26.624034
v -11.203456 50.062363 -24.837465
v -16.122633 50.062363 -21.965376
v -20.337174 50.062363 -18.133297
v -23.662884 50.062363 -13.508705
v -25.954413 50.062363 -8.293720
v -27.111609 50.062363 -2.716257
v -27.083899 50.062363 2.979920
v -25.872492 50.062363 8.545859
v -23.530332 50.062363 13.738302
v -20.159786 50.062363 18.330317
v -15.908160 50.062363 22.121207
v -10.961272 50.062363 24.945297
v -5.535324 50.062363 26.679156
v 0.132544 50.062363 27.247008
v 5.794617 50.062363 26.624037
v 11.203436 50.062363 24.837465
v 16.122612 50.062363 21.965381
v 20.337169 73.069030 18.133324
v 23.662880 73.069030 13.508731
v 25.954411 73.069030 8.293741
v 27.111607 73.069030 2.716278
v 27.083897 73.069030 -2.979901
v 25.872490 73.069030 -8.545844
v 23.530332 73.069030 -13.738292
v 20.159784 73.069030 -18.330309
v 15.908154 73.069030 -22.121203
v 10.961264 73.069030 -24.945293
v 5.535314 73.069030 -26.679153
v -0.132556 73.069030 -27.247008
v -5.794632 73.069030 -26.624034
v -11.203456 73.069030 -24.837465
v -16.122633 73.069030 -21.965376
v -20.337174 73.069030 -18.133297
v -23.662884 73.069030 -13.508705
v -25.954413 73.069030 -8.293720
v -27.111609 73.069030 -2.716257
v -27.083899 73.069030 2.979920
v -25.872492 73.069030 8.545859
v -23.530332 73.069030 13.738302
v -20.159786 73.069030 18.330317
v -15.908160 73.069030 22.121207
v -10.961272 73.069030 24.945297
v -5.535324 73.069030 26.679156
v 0.132544 73.069030 27.247008
v 5.794617 73.069030 26.624037
v 11.203436 73.069030 24.837465
v 16.122612 73.069030 21.965381
v 20.337169 74.211138 18.133324
v 23.662880 74.211138 13.508731
v 25.954411 74.211138 8.293741
v 27.111607 74.211138 2.716278
v 27.083897 74.211138 -2.979901
v 25.872490 74.211138 -8.545844
v 23.530332 74.211138 -13.738292
v 20.159784 74.211138 -18.330309
v 15.908154 74.211138 -22.121203
v 10.961264 74.211138 -24.945293
v 5.535314 74.211138 -26.679153
v -0.132556 74.211138 -27.247008
v -5.794632 74.211138 -26.624034
v -11.203456 74.211138 -24.837465
v -16.122633 74.211138 -21.965376
v -20.337174 74.211138 -18.133297
v -23.662884 74.211138 -13.508705
v -25.954413 74.211138 -8.293720
v -27.111609 74.211138 -2.716257
v -27.083899 74.211138 2.979920
v -25.872492 74.211138 8.545859
v -23.530332 74.211138 13.738302
v -20.159786 74.211138 18.330317
v -15.908160 74.211138 22.121207
v -10.961272 74.211138 24.945297
v -5.535324 74.211138 26.679156
v 0.132544 74.211138 27.247008
v 5.794617 74.211138 26.624037
v 11.203436 74.211138 24.837465
v 16.122612 74.211138 21.965381
v -20.159786 49.294158 18.330317
v -23.530332 49.294158 13.738302
v -25.872492 49.294158 8.545859
v -27.083899 49.294158 2.979920
v -27.111609 49.294158 -2.716257
v -25.954413 49.294158 -8.293720
v -23.662884 49.294158 -13.508705
v -20.337174 49.294158 -18.133297
v -16.122633 49.294158 -21.965376
v -11.203456 49.294158 -24.837465
v -5.794632 49.294158 -26.624034
v -0.132556 49.294158 -27.247008
v 5.535314 49.294158 -26.679153
v 10.961264 49.294158 -24.945293
v 15.908154 49.294158 -22.121203
v 20.159784 49.294158 -18.330309
v 23.530332 49.294158 -13.738292
v 25.872490 49.294158 -8.545844
v 27.083897 49.294158 -2.979901
v 27.111607 49.294158 2.716278
v 25.954411 49.294158 8.293741
v 23.662880 49.294158 13.508731
v 20.337169 49.294158 18.133324
v 16.122612 49.294158 21.965381
v 11.203436 49.294158 24.837465
v 5.794617 49.294158 26.624037
v 0.132544 49.294158 27.247008
v -5.535324 49.294158 26.679156
v -10.961272 49.294158 24.945297
v -15.908160 49.294158 22.121207
v -20.159786 22.953354 18.330317
v -23.530332 22.953354 13.738302
v -25.872492 22.953354 8.545859
v -27.083899 22.953354 2.979920
v -27.111609 22.953354 -2.716257
v -25.954413 22.953354 -8.293720
v -23.662884 22.953354 -13.508705
v -20.337174 22.953354 -18.133297
v -16.122633 22.953354 -21.965376
v -11.203456 22.953354 -24.837465
v -5.794632 22.953354 -26.624034
v -0.132556 22.953354 -27.247008
v 5.535314 22.953354 -26.679153
v 10.961264 22.953354 -24.945293
v 15.908154 22.953354 -22.121203
v 20.159784 22.953354 -18.330309
v 23.530332 22.953354 -13.738292
v 25.872490 22.953354 -8.545844
v 27.083897 22.953354 -2.979901
v 27.111607 22.953354 2.716278
v 25.954411 22.953354 8.293741
v 23.662880 22.953354 13.508731
v 20.337169 22.953354 18.133324
v 16.122612 22.953354 21.965381
v 11.203436 22.953354 24.837465
v 5.794617 22.953354 26.624037
v 0.132544 22.953354 27.247008
v -5.535324 22.953354 26.679156
v -10.961272 22.953354 24.945297
v -15.908160 22.953354 22.121207
v -20.631029 49.294158 18.758794
v -24.080362 49.294158 14.059440
v -20.631029 50.062363 18.758794
v -24.080362 50.062363 14.059440
v -26.477266 49.294158 8.745619
v -26.477266 50.062363 8.745619
v -27.716991 49.294158 3.049575
v -27.716991 50.062363 3.049575
v -27.745350 49.294158 -2.779751
v -27.745350 50.062363 -2.779751
v -26.561103 49.294158 -8.487589
v -26.561103 50.062363 -8.487589
v -24.216010 49.294158 -13.824475
v -24.216010 50.062363 -13.824475
v -20.812561 49.294158 -18.557168
v -20.812561 50.062363 -18.557168
v -16.499503 49.294158 -22.478821
v -16.499503 50.062363 -22.478821
v -11.465338 49.294158 -25.418045
v -11.465338 50.062363 -25.418045
v -5.930083 49.294158 -27.246377
v -5.930083 50.062363 -27.246377
v -0.135655 49.294158 -27.883913
v -0.135655 50.062363 -27.883913
v 5.664703 49.294158 -27.302785
v 5.664703 50.062363 -27.302785
v 11.217485 49.294158 -25.528395
v 11.217485 50.062363 -25.528395
v 16.280010 49.294158 -22.638291
v 16.280010 50.062363 -22.638291
v 20.631023 49.294158 -18.758785
v 20.631023 50.062363 -18.758785
v 24.080359 49.294158 -14.059428
v 24.080359 50.062363 -14.059428
v 26.477265 49.294158 -8.745605
v 26.477265 50.062363 -8.745605
v 27.716988 49.294158 -3.049557
v 27.716988 50.062363 -3.049557
v 27.745347 49.294158 2.779771
v 27.745347 50.062363 2.779771
v 26.561102 49.294158 8.487609
v 26.561102 50.062363 8.487609
v 24.216006 49.294158 13.824501
v 24.216006 50.062363 13.824501
v 20.812554 49.294158 18.557196
v 20.812554 50.062363 18.557196
v 16.499480 49.294158 22.478827
v 16.499480 50.062363 22.478827
v 11.465317 49.294158 25.418045
v 11.465317 50.062363 25.418045
v 5.930069 49.294158 27.246381
v 5.930069 50.062363 27.246381
v 0.135642 49.294158 27.883914
v 0.135642 50.062363 27.883914
v -5.664712 49.294158 27.302789
v -5.664712 50.062363 27.302789
v -11.217493 49.294158 25.528399
v -11.217493 50.062363 25.528399
v -16.280016 49.294158 22.638295
v -16.280016 50.062363 22.638295
v -20.631029 22.953354 18.758794
v -24.080362 22.953354 14.059441
v -20.631029 23.849155 18.758794
v -24.080362 23.849155 14.059441
v -26.477266 22.953354 8.745619
v -26.477266 23.849155 8.745619
v -27.716991 22.953354 3.049575
v -27.716991 23.849155 3.049575
v -27.745350 22.953354 -2.779751
v -27.745350 23.849155 -2.779751
v -26.561104 22.953354 -8.487588
v -26.561104 23.849155 -8.487588
v -24.216010 22.953354 -13.824475
v -24.216010 23.849155 -13.824475
v -20.812561 22.953354 -18.557168
v -20.812561 23.849155 -18.557168
v -16.499503 22.953354 -22.478821
v -16.499503 23.849155 -22.478821
v -11.465338 22.953354 -25.418045
v -11.465338 23.849155 -25.418045
v -5.930083 22.953354 -27.246377
v -5.930083 23.849155 -27.246377
v -0.135654 22.953354 -27.883914
v -0.135654 23.849155 -27.883914
v 5.664703 22.953354 -27.302785
v 5.664703 23.849155 -27.302785
v 11.217485 22.953354 -25.528395
v 11.217485 23.849155 -25.528395
v 16.280010 22.953354 -22.638291
v 16.280010 23.849155 -22.638291
v 20.631024 22.953354 -18.758785
v 20.631024 23.849155 -18.758785
v 24.080359 22.953354 -14.059428
v 24.080359 23.849155 -14.059428
v 26.477265 22.953354 -8.745605
v 26.477265 23.849155 -8.745605
v 27.716988 22.953354 -3.049557
v 27.716988 23.849155 -3.049557
v 27.745347 22.953354 2.779771
v 27.745347 23.849155 2.779771
v 26.561102 22.953354 8.487609
v 26.561102 23.849155 8.487609
v 24.216006 22.953354 13.824501
v 24.216006 23.849155 13.824501
v 20.812554 22.953354 18.557196
v 20.812554 23.849155 18.557196
v 16.499480 22.953354 22.478827
v 16.499480 23.849155 22.478827
v 11.465320 22.953354 25.418047
v 11.465320 23.849155 25.418047
v 5.930069 22.953354 27.246381
v 5.930069 23.849155 27.246381
v 0.135642 22.953354 27.883914
v 0.135642 23.849155 27.883914
v -5.664712 22.953354 27.302789
v -5.664712 23.849155 27.302789
v -11.217493 22.953354 25.528399
v -11.217493 23.849155 25.528399
v -16.280015 22.953354 22.638295
v -16.280015 23.849155 22.638295
v -24.315394 49.760456 14.196664
v -26.735694 49.760456 8.830980
v -27.987518 49.760456 3.079339
v -28.016157 49.760456 -2.806885
v -26.820352 49.760456 -8.570431
v -24.452369 49.760456 -13.959410
v -21.015699 49.760456 -18.738292
v -16.660544 49.760456 -22.698223
v -11.577243 49.760456 -25.666134
v -5.987963 49.760456 -27.512314
v -0.136980 49.760456 -28.156070
v 5.719992 49.760456 -27.569275
v 11.326974 49.760456 -25.777563
v 16.438911 49.760456 -22.859252
v 20.832391 49.760456 -18.941878
v 24.315393 49.760456 -14.196654
v 26.735695 49.760456 -8.830967
v 27.987516 49.760456 -3.079321
v 28.016153 49.760456 2.806903
v 26.820349 49.760456 8.570453
v 24.452366 49.760456 13.959435
v 21.015692 49.760456 18.738320
v 16.660523 49.760456 22.698231
v 11.577224 49.760456 25.666137
v 5.987948 49.760456 27.512318
v 0.136966 49.760456 28.156073
v -5.720001 49.760456 27.569276
v -11.326979 49.760456 25.777565
v -16.438917 49.760456 22.859255
v -20.832393 49.760456 18.941886
v -24.315393 23.247395 14.196665
v -26.735694 23.247395 8.830980
v -27.987518 23.247395 3.079339
v -28.016153 23.247395 -2.806884
v -26.820351 23.247395 -8.570428
v -24.452367 23.247395 -13.959408
v -21.015699 23.247395 -18.738292
v -16.660544 23.247395 -22.698223
v -11.577244 23.247395 -25.666133
v -5.987965 23.247395 -27.512313
v -0.136980 23.247395 -28.156070
v 5.719992 23.247395 -27.569270
v 11.326972 23.247395 -25.777562
v 16.438909 23.247395 -22.859249
v 20.832388 23.247395 -18.941876
v 24.315391 23.247395 -14.196652
v 26.735693 23.247395 -8.830965
v 27.987516 23.247395 -3.079321
v 28.016152 23.247395 2.806902
v 26.820348 23.247395 8.570451
v 24.452363 23.247395 13.959434
v 21.015692 23.247395 18.738320
v 16.660522 23.247395 22.698228
v 11.577226 23.247395 25.666139
v 5.987950 23.247395 27.512317
v 0.136966 23.247395 28.156073
v -5.720001 23.247395 27.569272
v -11.326979 23.247395 25.777565
v -16.438914 23.247395 22.859254
v -20.832393 23.247395 18.941886
v 15.551063 -0.299617 21.186701
v 19.616214 -0.299617 17.490492
v 10.806272 -0.299617 23.956974
v 5.589197 -0.299617 25.680210
v 0.127845 -0.299617 26.281096
v -5.339096 -0.299617 25.733374
v -10.572694 -0.299617 24.060981
v -15.344212 -0.299617 21.337006
v -19.445118 -0.299617 17.680503
v -22.696178 -0.299617 13.251277
v -24.955309 -0.299617 8.242907
v -26.123770 -0.299617 2.874282
v -26.150498 -0.299617 -2.619966
v -25.034324 -0.299617 -7.999707
v -22.824031 -0.299617 -13.029819
v -19.616217 -0.299617 -17.490467
v -15.551082 -0.299617 -21.186698
v -10.806291 -0.299617 -23.956971
v -5.589212 -0.299617 -25.680208
v -0.127858 -0.299617 -26.281096
v 5.339085 -0.299617 -25.733372
v 10.572688 -0.299617 -24.060978
v 15.344207 -0.299617 -21.337002
v 19.445115 -0.299617 -17.680496
v 22.696177 -0.299617 -13.251267
v 24.955306 -0.299617 -8.242892
v 26.123768 -0.299617 -2.874263
v 26.150496 -0.299617 2.619987
v 25.034323 -0.299617 7.999727
v 22.824027 -0.299617 13.029845
v 15.551063 0.661015 21.186701
v 19.616214 0.661015 17.490492
v 10.806272 0.661015 23.956974
v 5.589197 0.661015 25.680210
v 0.127845 0.661015 26.281096
v -5.339096 0.661015 25.733374
v -10.572694 0.661015 24.060981
v -15.344212 0.661015 21.337006
v -19.445118 0.661015 17.680503
v -22.696178 0.661015 13.251277
v -24.955309 0.661015 8.242907
v -26.123770 0.661015 2.874282
v -26.150498 0.661015 -2.619966
v -25.034324 0.661015 -7.999707
v -22.824031 0.661015 -13.029819
v -19.616217 0.661015 -17.490467
v -15.551082 0.661015 -21.186698
v -10.806291 0.661015 -23.956971
v -5.589212 0.661015 -25.680208
v -0.127858 0.661015 -26.281096
v 5.339085 0.661015 -25.733372
v 10.572688 0.661015 -24.060978
v 15.344207 0.661015 -21.337002
v 19.445115 0.661015 -17.680496
v 22.696177 0.661015 -13.251267
v 24.955306 0.661015 -8.242892
v 26.123768 0.661015 -2.874263
v 26.150496 0.661015 2.619987
v 25.034323 0.661015 7.999727
v 22.824027 0.661015 13.029845
v 20.812554 -0.299617 18.557196
v 24.216006 -0.299617 13.824501
v 24.216006 0.842482 13.824501
v 20.812554 0.842482 18.557196
v 26.561102 -0.299617 8.487609
v 26.561102 0.842482 8.487609
v 27.745348 -0.299617 2.779772
v 27.745348 0.842482 2.779772
v 27.716989 -0.299617 -3.049556
v 27.716989 0.842482 -3.049556
v 26.477265 -0.299617 -8.745605
v 26.477265 0.842482 -8.745605
v 24.080359 -0.299617 -14.059428
v 24.080359 0.842482 -14.059428
v 20.631024 -0.299617 -18.758785
v 20.631024 0.842482 -18.758785
v 16.280010 -0.299617 -22.638291
v 16.280010 0.842482 -22.638291
v 11.217485 -0.299617 -25.528395
v 11.217485 0.842482 -25.528395
v 5.664703 -0.299617 -27.302785
v 5.664703 0.842482 -27.302785
v -0.135654 -0.299617 -27.883914
v -0.135654 0.842482 -27.883914
v -5.930083 -0.299617 -27.246377
v -5.930083 0.842482 -27.246377
v -11.465340 -0.299617 -25.418047
v -11.465340 0.842482 -25.418047
v -16.499503 -0.299617 -22.478821
v -16.499503 0.842482 -22.478821
v -20.812561 -0.299617 -18.557168
v -20.812561 0.842482 -18.557168
v -24.216010 -0.299617 -13.824475
v -24.216010 0.842482 -13.824475
v -26.561104 -0.299617 -8.487588
v -26.561104 0.842482 -8.487588
v -27.745349 -0.299617 -2.779750
v -27.745349 0.842482 -2.779750
v -27.716991 -0.299617 3.049575
v -27.716991 0.842482 3.049575
v -26.477266 -0.299617 8.745619
v -26.477266 0.842482 8.745619
v -24.080362 -0.299617 14.059440
v -24.080362 0.842482 14.059440
v -20.631029 -0.299617 18.758795
v -20.631029 0.842482 18.758795
v -16.280015 -0.299617 22.638295
v -16.280015 0.842482 22.638295
v -11.217493 -0.299617 25.528399
v -11.217493 0.842482 25.528399
v -5.664712 -0.299617 27.302789
v -5.664712 0.842482 27.302789
v 0.135642 -0.299617 27.883914
v 0.135642 0.842482 27.883914
v 5.930069 -0.299617 27.246381
v 5.930069 0.842482 27.246381
v 11.465320 -0.299617 25.418047
v 11.465320 0.842482 25.418047
v 16.499480 -0.299617 22.478827
v 16.499480 0.842482 22.478827
v 20.812553 73.069030 18.557193
v 24.216006 73.069030 13.824501
v 24.216006 74.211138 13.824501
v 20.812553 74.211138 18.557193
v 26.561102 73.069030 8.487609
v 26.561102 74.211138 8.487609
v 27.745347 73.069030 2.779771
v 27.745347 74.211138 2.779771
v 27.716988 73.069030 -3.049557
v 27.716988 74.211138 -3.049557
v 26.477265 73.069030 -8.745605
v 26.477265 74.211138 -8.745605
v 24.080359 73.069030 -14.059428
v 24.080359 74.211138 -14.059428
v 20.631023 73.069030 -18.758785
v 20.631023 74.211138 -18.758785
v 16.280010 73.069030 -22.638291
v 16.280010 74.211138 -22.638291
v 11.217485 73.069030 -25.528395
v 11.217485 74.211138 -25.528395
v 5.664703 73.069030 -27.302785
v 5.664703 74.211138 -27.302785
v -0.135654 73.069030 -27.883914
v -0.135654 74.211138 -27.883914
v -5.930083 73.069030 -27.246377
v -5.930083 74.211138 -27.246377
v -11.465338 73.069030 -25.418045
v -11.465338 74.211138 -25.418045
v -16.499503 73.069030 -22.478821
v -16.499503 74.211138 -22.478821
v -20.812560 73.069030 -18.557165
v -20.812560 74.211138 -18.557165
v -24.216011 73.069030 -13.824474
v -24.216011 74.211138 -13.824474
v -26.561104 73.069030 -8.487588
v -26.561104 74.211138 -8.487588
v -27.745349 73.069030 -2.779750
v -27.745349 74.211138 -2.779750
v -27.716990 73.069030 3.049576
v -27.716990 74.211138 3.049576
v -26.477265 73.069030 8.745620
v -26.477265 74.211138 8.745620
v -24.080362 73.069030 14.059440
v -24.080362 74.211138 14.059440
v -20.631029 73.069030 18.758794
v -20.631029 74.211138 18.758794
v -16.280015 73.069030 22.638295
v -16.280015 74.211138 22.638295
v -11.217494 73.069030 25.528398
v -11.217494 74.211138 25.528398
v -5.664713 73.069030 27.302787
v -5.664713 74.211138 27.302787
v 0.135642 73.069030 27.883914
v 0.135642 74.211138 27.883914
v 5.930068 73.069030 27.246381
v 5.930068 74.211138 27.246381
v 11.465320 73.069030 25.418047
v 11.465320 74.211138 25.418047
v 16.499480 73.069030 22.478826
v 16.499480 74.211138 22.478826
v -11.621503 73.687930 -25.764257
v -6.010855 73.687930 -27.617496
v -0.137501 73.687930 -28.263714
v 5.741862 73.687930 -27.674671
v 11.370280 73.687930 -25.876113
v 16.501757 73.687930 -22.946644
v 20.912035 73.687930 -19.014295
v 24.408354 73.687930 -14.250930
v 26.837907 73.687930 -8.864727
v 28.094517 73.687930 -3.091094
v 28.123263 73.687930 2.817635
v 26.922887 73.687930 8.603219
v 24.545849 73.687930 14.012803
v 21.096036 73.687930 18.809956
v 16.724215 73.687930 22.785004
v 11.621486 73.687930 25.764262
v 6.010840 73.687930 27.617500
v 0.137489 73.687930 28.263714
v -5.741870 73.687930 27.674674
v -11.370285 73.687930 25.876114
v -16.501765 73.687930 22.946650
v -20.912038 73.687930 19.014303
v -24.408355 73.687930 14.250940
v -26.837908 73.687930 8.864742
v -28.094518 73.687930 3.091115
v -28.123263 73.687930 -2.817611
v -26.922888 73.687930 -8.603196
v -24.545854 73.687930 -14.012776
v -21.096042 73.687930 -18.809926
v -16.724237 73.687930 -22.784998
v -26.837908 0.266029 8.864742
v -28.094519 0.266029 3.091114
v -28.123262 0.266029 -2.817612
v -26.922887 0.266029 -8.603195
v -24.545853 0.266029 -14.012777
v -21.096043 0.266029 -18.809929
v -16.724237 0.266029 -22.784998
v -11.621505 0.266029 -25.764259
v -6.010856 0.266029 -27.617495
v -0.137501 0.266029 -28.263714
v 5.741862 0.266029 -27.674671
v 11.370277 0.266029 -25.876111
v 16.501758 0.266029 -22.946643
v 20.912036 0.266029 -19.014295
v 24.408354 0.266029 -14.250930
v 26.837907 0.266029 -8.864727
v 28.094518 0.266029 -3.091093
v 28.123263 0.266029 2.817635
v 26.922886 0.266029 8.603217
v 24.545848 0.266029 14.012803
v 21.096038 0.266029 18.809959
v 16.724215 0.266029 22.785004
v 11.621486 0.266029 25.764262
v 6.010841 0.266029 27.617499
v 0.137489 0.266029 28.263714
v -5.741869 0.266029 27.674675
v -11.370284 0.266029 25.876115
v -16.501762 0.266029 22.946648
v -20.912038 0.266029 19.014303
v -24.408355 0.266029 14.250940
v 19.856533 74.211138 17.704771
v 23.103645 74.211138 13.189474
v 25.341019 74.211138 8.097732
v 26.470866 74.211138 2.652082
v 26.443811 74.211138 -2.909475
v 25.261034 74.211138 -8.343877
v 22.974229 74.211138 -13.413609
v 19.683339 74.211138 -17.897101
v 15.532190 74.211138 -21.598403
v 10.702212 74.211138 -24.355750
v 5.404496 74.211138 -26.048632
v -0.129424 74.211138 -26.603067
v -5.657685 74.211138 -25.994816
v -10.938680 74.211138 -24.250471
v -15.741600 74.211138 -21.446259
v -19.856538 74.211138 -17.704745
v -23.103649 74.211138 -13.189448
v -25.341022 74.211138 -8.097712
v -26.470869 74.211138 -2.652061
v -26.443813 74.211138 2.909494
v -25.261036 74.211138 8.343891
v -22.974230 74.211138 13.413619
v -19.683341 74.211138 17.897108
v -15.532195 74.211138 21.598407
v -10.702219 74.211138 24.355754
v -5.404506 74.211138 26.048636
v 0.129411 74.211138 26.603067
v 5.657671 74.211138 25.994820
v 10.938660 74.211138 24.250471
v 15.741581 74.211138 21.446263
v 19.856533 72.930291 17.704771
v 23.103645 72.930291 13.189474
v 25.341019 72.930291 8.097732
v 26.470866 72.930291 2.652082
v 26.443811 72.930291 -2.909475
v 25.261034 72.930291 -8.343877
v 22.974229 72.930291 -13.413609
v 19.683339 72.930291 -17.897101
v 15.532190 72.930291 -21.598403
v 10.702212 72.930291 -24.355750
v 5.404496 72.930291 -26.048632
v -0.129424 72.930291 -26.603067
v -5.657685 72.930291 -25.994816
v -10.938680 72.930291 -24.250471
v -15.741600 72.930291 -21.446259
v -19.856538 72.930291 -17.704745
v -23.103649 72.930291 -13.189448
v -25.341022 72.930291 -8.097712
v -26.470869 72.930291 -2.652061
v -26.443813 72.930291 2.909494
v -25.261036 72.930291 8.343891
v -22.974230 72.930291 13.413619
v -19.683341 72.930291 17.897108
v -15.532195 72.930291 21.598407
v -10.702219 72.930291 24.355754
v -5.404506 72.930291 26.048636
v 0.129411 72.930291 26.603067
v 5.657671 72.930291 25.994820
v 10.938660 72.930291 24.250471
v 15.741581 72.930291 21.446263
v -15.499436 72.930291 13.965116
v -15.239085 72.930291 13.603078
v -15.059665 72.930291 13.194765
v -14.969063 72.930291 12.758075
v -14.971233 72.930291 12.312086
v -15.066080 72.930291 11.876294
v -15.249459 72.930291 11.469750
v -15.513356 72.930291 11.110223
v -15.846239 72.930291 10.813412
v -16.233556 72.930291 10.592298
v -16.658387 72.930291 10.456544
v -17.102156 72.930291 10.412084
v -17.545470 72.930291 10.460858
v -17.968956 72.930291 10.600741
v -18.354098 72.930291 10.825607
v -18.684081 72.930291 11.125644
v -18.944473 72.930291 11.487731
v -19.123886 72.930291 11.896037
v -19.214487 72.930291 12.332724
v -19.212320 72.930291 12.778710
v -19.117472 72.930291 13.214494
v -18.934093 72.930291 13.621036
v -18.670197 72.930291 13.980566
v -18.337315 72.930291 14.277374
v -17.949996 72.930291 14.498488
v -17.525175 72.930291 14.634238
v -17.081406 72.930291 14.678696
v -16.638097 72.930291 14.629923
v -16.214615 72.930291 14.490044
v -15.829411 72.930291 14.265141
v -15.739754 72.930291 13.750839
v -15.518703 72.930291 13.443450
v -15.366361 72.930291 13.096760
v -15.289433 72.930291 12.725978
v -15.291276 72.930291 12.347298
v -15.371808 72.930291 11.977277
v -15.527510 72.930291 11.632092
v -15.751578 72.930291 11.326828
v -16.034223 72.930291 11.074812
v -16.363082 72.930291 10.887070
v -16.723796 72.930291 10.771804
v -17.100590 72.930291 10.734054
v -17.476995 72.930291 10.775467
v -17.836567 72.930291 10.894239
v -18.163582 72.930291 11.085166
v -18.443762 72.930291 11.339921
v -18.664856 72.930291 11.647361
v -18.817190 72.930291 11.994041
v -18.894117 72.930291 12.364821
v -18.892276 72.930291 12.743498
v -18.811744 72.930291 13.113509
v -18.656041 72.930291 13.458695
v -18.431975 72.930291 13.763961
v -18.149332 72.930291 14.015973
v -17.820470 72.930291 14.203716
v -17.459767 72.930291 14.318977
v -17.082973 72.930291 14.356726
v -16.706570 72.930291 14.315314
v -16.347003 72.930291 14.196545
v -16.019926 72.930291 14.005581
v -15.739754 71.649450 13.750839
v -15.518703 71.649450 13.443450
v -15.366361 71.649450 13.096760
v -15.289433 71.649450 12.725978
v -15.291276 71.649450 12.347298
v -15.371808 71.649450 11.977277
v -15.527510 71.649450 11.632092
v -15.751578 71.649450 11.326828
v -16.034223 71.649450 11.074812
v -16.363082 71.649450 10.887070
v -16.723796 71.649450 10.771804
v -17.100590 71.649450 10.734054
v -17.476995 71.649450 10.775467
v -17.836567 71.649450 10.894239
v -18.163582 71.649450 11.085166
v -18.443762 71.649450 11.339921
v -18.664856 71.649450 11.647361
v -18.817190 71.649450 11.994041
v -18.894117 71.649450 12.364821
v -18.892276 71.649450 12.743498
v -18.811744 71.649450 13.113509
v -18.656041 71.649450 13.458695
v -18.431975 71.649450 13.763961
v -18.149332 71.649450 14.015973
v -17.820470 71.649450 14.203716
v -17.459767 71.649450 14.318977
v -17.082973 71.649450 14.356726
v -16.706570 71.649450 14.315314
v -16.347003 71.649450 14.196545
v -16.019926 71.649450 14.005581
v -15.499436 73.570714 13.965116
v -15.239085 73.570714 13.603078
v -15.518703 73.570714 13.443450
v -15.739754 73.570714 13.750839
v -15.059665 73.570714 13.194765
v -15.366361 73.570714 13.096760
v -14.969060 73.570714 12.758074
v -15.289430 73.570714 12.725976
v -14.971230 73.570714 12.312084
v -15.291273 73.570714 12.347297
v -15.066081 73.570714 11.876295
v -15.371809 73.570714 11.977278
v -15.249458 73.570714 11.469749
v -15.527509 73.570714 11.632091
v -15.513354 73.570714 11.110221
v -15.751576 73.570714 11.326826
v -15.846239 73.570714 10.813412
v -16.034223 73.570714 11.074812
v -16.233558 73.570714 10.592300
v -16.363085 73.570714 10.887071
v -16.658389 73.570714 10.456546
v -16.723798 73.570714 10.771806
v -17.102158 73.570714 10.412085
v -17.100593 73.570714 10.734056
v -17.545472 73.570714 10.460860
v -17.476998 73.570714 10.775469
v -17.968956 73.570714 10.600741
v -17.836567 73.570714 10.894239
v -18.354098 73.570714 10.825607
v -18.163582 73.570714 11.085166
v -18.684081 73.570714 11.125644
v -18.443762 73.570714 11.339921
v -18.944473 73.570714 11.487731
v -18.664856 73.570714 11.647361
v -19.123889 73.570714 11.896039
v -18.817192 73.570714 11.994043
v -19.214487 73.570714 12.332724
v -18.894117 73.570714 12.364821
v -19.212313 73.570714 12.778705
v -18.892271 73.570714 12.743494
v -19.117470 73.570714 13.214492
v -18.811741 73.570714 13.113507
v -18.934094 73.570714 13.621037
v -18.656043 73.570714 13.458696
v -18.670195 73.570714 13.980564
v -18.431974 73.570714 13.763960
v -18.337310 73.570714 14.277370
v -18.149327 73.570714 14.015969
v -17.949992 73.570714 14.498485
v -17.820466 73.570714 14.203713
v -17.525175 73.570714 14.634238
v -17.459767 73.570714 14.318977
v -17.081406 73.570714 14.678696
v -17.082973 73.570714 14.356726
v -16.638094 73.570714 14.629921
v -16.706567 73.570714 14.315312
v -16.214620 73.570714 14.490047
v -16.347008 73.570714 14.196549
v -15.829417 73.570714 14.265146
v -16.019931 73.570714 14.005585
v -18.245976 73.621169 14.150364
v -18.554449 73.621169 13.875322
v -18.798997 73.621169 13.542161
v -18.968926 73.621169 13.165427
v -19.056815 73.621169 12.761598
v -19.058829 73.621169 12.348319
v -18.974874 73.621169 11.943656
v -18.808615 73.621169 11.565290
v -18.567319 73.621169 11.229756
v -18.261533 73.621169 10.951720
v -17.904632 73.621169 10.743342
v -17.512202 73.621169 10.613719
v -17.101399 73.621169 10.568522
v -16.690169 73.621169 10.609721
v -16.296492 73.621169 10.735521
v -15.937575 73.621169 10.940418
v -15.629098 73.621169 11.215463
v -15.384555 73.621169 11.548627
v -15.214626 73.621169 11.925360
v -15.126731 73.621169 12.329194
v -15.124718 73.621169 12.742478
v -15.208680 73.621169 13.147148
v -15.374943 73.621169 13.525520
v -15.616199 73.621169 13.861004
v -15.921983 73.621169 14.139034
v -16.278943 73.621169 14.347445
v -16.671364 73.621169 14.477062
v -17.082167 73.621169 14.522260
v -17.493396 73.621169 14.481062
v -17.887059 73.621169 14.355264
v -18.363829 73.192426 14.314244
v -18.703798 73.192426 14.011118
v -18.973314 73.192426 13.643936
v -19.160596 73.192426 13.228738
v -19.257459 73.192426 12.783674
v -19.259676 73.192426 12.328196
v -19.167148 73.192426 11.882214
v -18.983915 73.192426 11.465216
v -18.717979 73.192426 11.095421
v -18.380972 73.192426 10.788997
v -17.987631 73.192426 10.559344
v -17.555130 73.192426 10.416484
v -17.102378 73.192426 10.366670
v -16.649162 73.192426 10.412077
v -16.215289 73.192426 10.550722
v -15.819724 73.192426 10.776541
v -15.479753 73.192426 11.079669
v -15.210239 73.192426 11.446851
v -15.022958 73.192426 11.862051
v -14.926091 73.192426 12.307120
v -14.923872 73.192426 12.762602
v -15.016404 73.192426 13.208589
v -15.199644 73.192426 13.625594
v -15.465537 73.192426 13.995339
v -15.802539 73.192426 14.301753
v -16.195944 73.192426 14.531444
v -16.628439 73.192426 14.674299
v -17.081185 73.192426 14.724111
v -17.534403 73.192426 14.678707
v -17.968265 73.192426 14.540065

vt 0.052466 0.692484
vt 0.058956 0.655342
vt 0.073028 0.620361
vt 0.094068 0.589067
vt 0.121151 0.562838
vt 0.153094 0.542816
vt 0.188506 0.529873
vt 0.225840 0.524575
vt 0.263455 0.527160
vt 0.299705 0.537509
vt 0.333005 0.555167
vt 0.361909 0.579368
vt 0.385169 0.609034
vt 0.401748 0.642882
vt 0.410928 0.679446
vt 0.412303 0.717125
vt 0.405811 0.754269
vt 0.391738 0.789247
vt 0.370700 0.820532
vt 0.343615 0.846763
vt 0.311669 0.866788
vt 0.276262 0.879732
vt 0.238932 0.885031
vt 0.201313 0.882452
vt 0.165055 0.872104
vt 0.131748 0.854445
vt 0.102844 0.830249
vt 0.079602 0.800569
vt 0.063020 0.766717
vt 0.053841 0.730161
vt 0.041040 0.691713
vt 0.047943 0.652201
vt 0.054325 0.654023
vt 0.047661 0.692162
vt 0.062915 0.614991
vt 0.068774 0.618105
vt 0.085289 0.581725
vt 0.090376 0.585982
vt 0.114077 0.553836
vt 0.118174 0.559054
vt 0.148054 0.532533
vt 0.150973 0.538493
vt 0.185725 0.518764
vt 0.187335 0.525202
vt 0.225431 0.513134
vt 0.225666 0.519765
vt 0.265437 0.515881
vt 0.264287 0.522417
vt 0.303998 0.526893
vt 0.301509 0.533044
vt 0.339417 0.545681
vt 0.335700 0.551178
vt 0.370130 0.571409
vt 0.365363 0.576021
vt 0.394855 0.602931
vt 0.389240 0.606465
vt 0.412497 0.638934
vt 0.406268 0.641220
vt 0.422265 0.677828
vt 0.415695 0.678763
vt 0.423726 0.717903
vt 0.763474 0.103280
vt 0.796663 0.103205
vt 0.796616 0.106442
vt 0.763446 0.106529
vt 0.829860 0.103206
vt 0.829797 0.106442
vt 0.863056 0.103313
vt 0.862977 0.106549
vt 0.896264 0.103545
vt 0.896165 0.106780
vt 0.929494 0.103982
vt 0.929366 0.107204
vt 0.962603 0.107986
vt 0.000977 0.108975
vt 0.001009 0.112225
vt 0.034695 0.106933
vt 0.034905 0.110160
vt 0.068250 0.105880
vt 0.068377 0.109113
vt 0.101688 0.105316
vt 0.101770 0.108552
vt 0.135037 0.105018
vt 0.135092 0.108254
vt 0.168309 0.104867
vt 0.168347 0.108103
vt 0.201519 0.104796
vt 0.201545 0.108032
vt 0.234671 0.104771
vt 0.234693 0.107997
vt 0.267785 0.104706
vt 0.267805 0.107943
vt 0.300908 0.104667
vt 0.300916 0.107915
vt 0.333981 0.104720
vt 0.333982 0.107946
vt 0.367003 0.104718
vt 0.367008 0.107955
vt 0.400010 0.104680
vt 0.400018 0.107917
vt 0.433029 0.104602
vt 0.433037 0.107839
vt 0.466042 0.104512
vt 0.466049 0.107749
vt 0.499068 0.104404
vt 0.499068 0.107652
vt 0.532106 0.104337
vt 0.532103 0.107574
vt 0.565115 0.104234
vt 0.565113 0.107471
vt 0.598123 0.104115
vt 0.598121 0.107352
vt 0.631149 0.103969
vt 0.631146 0.107206
vt 0.664190 0.103812
vt 0.664183 0.107049
vt 0.697247 0.103638
vt 0.697234 0.106875
vt 0.730347 0.103491
vt 0.730331 0.106717
vt 0.763382 0.113491
vt 0.796517 0.113374
vt 0.795514 0.207098
vt 0.762633 0.207183
vt 0.829661 0.113372
vt 0.828386 0.207037
vt 0.862810 0.113477
vt 0.861248 0.207024
vt 0.895958 0.113707
vt 0.894100 0.207078
vt 0.929096 0.114122
vt 0.926941 0.207212
vt 0.959794 0.207456
vt 0.002195 0.119043
vt 0.005290 0.210450
vt 0.035365 0.117077
vt 0.038068 0.209898
vt 0.068651 0.116045
vt 0.070898 0.209425
vt 0.101946 0.115483
vt 0.103754 0.209091
vt 0.135213 0.115185
vt 0.136635 0.208878
vt 0.168433 0.115034
vt 0.169544 0.208724
vt 0.201609 0.114962
vt 0.202476 0.208654
vt 0.234743 0.114915
vt 0.235426 0.208605
vt 0.267844 0.114894
vt 0.268387 0.208532
vt 0.300934 0.114857
vt 0.301339 0.208541
vt 0.333990 0.114863
vt 0.334305 0.208530
vt 0.367013 0.114884
vt 0.367282 0.208494
vt 0.400030 0.114846
vt 0.400254 0.208456
vt 0.433047 0.114767
vt 0.433216 0.208433
vt 0.466061 0.114668
vt 0.466168 0.208340
vt 0.499074 0.114603
vt 0.499120 0.208237
vt 0.532100 0.114483
vt 0.532062 0.208193
vt 0.565109 0.114399
vt 0.565015 0.208070
vt 0.598121 0.114282
vt 0.597964 0.207951
vt 0.631139 0.114136
vt 0.630909 0.207821
vt 0.664168 0.113979
vt 0.663853 0.207674
vt 0.697209 0.113825
vt 0.696797 0.207490
vt 0.730291 0.113617
vt 0.729719 0.207374
vt 0.762616 0.219580
vt 0.795492 0.219451
vt 0.796070 0.327386
vt 0.763156 0.327557
vt 0.872490 0.691435
vt 0.870910 0.691157
vt 0.869419 0.690556
vt 0.868083 0.689659
vt 0.866961 0.688503
vt 0.866103 0.687139
vt 0.865547 0.685623
vt 0.865314 0.684022
vt 0.865412 0.682404
vt 0.865834 0.680841
vt 0.866565 0.679401
vt 0.867576 0.678146
vt 0.868822 0.677132
vt 0.870248 0.676404
vt 0.871797 0.675995
vt 0.873399 0.675921
vt 0.874985 0.676186
vt 0.876483 0.676776
vt 0.877825 0.677670
vt 0.878953 0.678832
vt 0.879817 0.680210
vt 0.880380 0.681743
vt 0.880619 0.683362
vt 0.880526 0.684995
vt 0.880100 0.686567
vt 0.879360 0.688010
vt 0.878337 0.689261
vt 0.877082 0.690265
vt 0.875645 0.690980
vt 0.874092 0.691375
vt 0.676417 0.892872
vt 0.716315 0.899563
vt 0.716038 0.903940
vt 0.675241 0.897097
vt 0.638790 0.878072
vt 0.636766 0.881963
vt 0.605046 0.855813
vt 0.602261 0.859201
vt 0.576648 0.827052
vt 0.573221 0.829789
vt 0.554839 0.793031
vt 0.550920 0.794998
vt 0.540564 0.755236
vt 0.536322 0.756347
vt 0.534438 0.715309
vt 0.530058 0.715519
vt 0.536710 0.674983
vt 0.532381 0.674283
vt 0.547287 0.635999
vt 0.543196 0.634420
vt 0.565708 0.600040
vt 0.562032 0.597649
vt 0.591187 0.568670
vt 0.588086 0.565569
vt 0.622625 0.543250
vt 0.620234 0.539574
vt 0.658663 0.524886
vt 0.657085 0.520795
vt 0.697743 0.514375
vt 0.697047 0.510045
vt 0.738189 0.512189
vt 0.828348 0.219375
vt 0.828969 0.327153
vt 0.861192 0.219337
vt 0.861858 0.326837
vt 0.894033 0.219350
vt 0.894741 0.326436
vt 0.926878 0.219420
vt 0.927629 0.325912
vt 0.960534 0.325284
vt 0.005297 0.222423
vt 0.005482 0.328156
vt 0.038201 0.222047
vt 0.038395 0.328456
vt 0.071070 0.221680
vt 0.071265 0.328713
vt 0.103919 0.221405
vt 0.104112 0.328874
vt 0.136778 0.221214
vt 0.136965 0.328934
vt 0.169659 0.221098
vt 0.169841 0.328922
vt 0.202573 0.220985
vt 0.202739 0.328918
vt 0.235505 0.220912
vt 0.235666 0.328873
vt 0.268446 0.220906
vt 0.268616 0.328825
vt 0.301397 0.220863
vt 0.301576 0.328797
vt 0.334355 0.220854
vt 0.334550 0.328762
vt 0.367322 0.220831
vt 0.367532 0.328736
vt 0.400289 0.220781
vt 0.400512 0.328720
vt 0.433250 0.220714
vt 0.433488 0.328704
vt 0.466198 0.220687
vt 0.466466 0.328650
vt 0.499145 0.220619
vt 0.499436 0.328593
vt 0.532094 0.220481
vt 0.532397 0.328533
vt 0.565039 0.220402
vt 0.565367 0.328418
vt 0.597985 0.220286
vt 0.598340 0.328289
vt 0.630928 0.220157
vt 0.631316 0.328151
vt 0.663863 0.220016
vt 0.664296 0.327973
vt 0.696798 0.219878
vt 0.697266 0.327851
vt 0.729723 0.219668
vt 0.730215 0.327742
vt 0.763313 0.339483
vt 0.796252 0.339294
vt 0.798155 0.436795
vt 0.764929 0.436971
vt 0.829173 0.339038
vt 0.831422 0.436482
vt 0.862084 0.338698
vt 0.864718 0.436009
vt 0.894990 0.338247
vt 0.898023 0.435351
vt 0.927889 0.337669
vt 0.931321 0.434455
vt 0.964583 0.433127
vt 0.005353 0.339697
vt 0.003184 0.435282
vt 0.038327 0.340156
vt 0.036076 0.436899
vt 0.071184 0.340517
vt 0.069251 0.437700
vt 0.104031 0.340737
vt 0.102497 0.438085
vt 0.136899 0.340832
vt 0.135735 0.438247
vt 0.169789 0.340848
vt 0.168937 0.438255
vt 0.202708 0.340792
vt 0.202083 0.438212
vt 0.235652 0.340751
vt 0.235188 0.438170
vt 0.268614 0.340711
vt 0.268270 0.438125
vt 0.301584 0.340674
vt 0.301338 0.438084
vt 0.334563 0.340640
vt 0.334398 0.438035
vt 0.367554 0.340611
vt 0.367454 0.438046
vt 0.400543 0.340593
vt 0.400526 0.438051
vt 0.433530 0.340574
vt 0.433618 0.438062
vt 0.466514 0.340549
vt 0.466734 0.438071
vt 0.499485 0.340494
vt 0.499871 0.438008
vt 0.532457 0.340392
vt 0.533008 0.437926
vt 0.565432 0.340296
vt 0.566147 0.437784
vt 0.598415 0.340174
vt 0.599275 0.437642
vt 0.631403 0.340033
vt 0.632392 0.437458
vt 0.664394 0.339906
vt 0.665500 0.437328
vt 0.697381 0.339733
vt 0.698609 0.437205
vt 0.730359 0.339578
vt 0.731741 0.437117
vt 0.764994 0.440649
vt 0.798239 0.440454
vt 0.798315 0.443873
vt 0.765051 0.444057
vt 0.831531 0.440140
vt 0.831631 0.443547
vt 0.864849 0.439666
vt 0.864969 0.443071
vt 0.898179 0.439006
vt 0.898323 0.442411
vt 0.931519 0.438110
vt 0.931697 0.441503
vt 0.965124 0.440167
vt 0.002528 0.438864
vt 0.002048 0.442237
vt 0.035867 0.440554
vt 0.035675 0.443961
vt 0.069132 0.441361
vt 0.069028 0.444770
vt 0.102425 0.441746
vt 0.102363 0.445154
vt 0.135692 0.441907
vt 0.135657 0.445315
vt 0.168915 0.441934
vt 0.168899 0.445342
vt 0.202073 0.441870
vt 0.202063 0.445277
vt 0.235179 0.441806
vt 0.235169 0.445201
vt 0.268258 0.441782
vt 0.268248 0.445189
vt 0.301328 0.441742
vt 0.301324 0.445161
vt 0.334394 0.441714
vt 0.334389 0.445109
vt 0.367450 0.441682
vt 0.367444 0.445089
vt 0.400519 0.441709
vt 0.400515 0.445116
vt 0.433614 0.441720
vt 0.433614 0.445139
vt 0.466739 0.441730
vt 0.466748 0.445127
vt 0.499892 0.441687
vt 0.499910 0.445106
vt 0.533041 0.441584
vt 0.533069 0.444992
vt 0.566189 0.441442
vt 0.566225 0.444848
vt 0.599318 0.441279
vt 0.599356 0.444686
vt 0.632439 0.441136
vt 0.632484 0.444544
vt 0.665553 0.440987
vt 0.665601 0.444394
vt 0.698666 0.440862
vt 0.698718 0.444268
vt 0.731797 0.440753
vt 0.731848 0.444148
vt 0.466486 0.332321
vt 0.499454 0.332265
vt 0.499464 0.334791
vt 0.466498 0.334853
vt 0.433507 0.332372
vt 0.433517 0.334888
vt 0.400527 0.332385
vt 0.400534 0.334907
vt 0.367544 0.332401
vt 0.367548 0.334923
vt 0.334560 0.332429
vt 0.334563 0.334951
vt 0.301583 0.332463
vt 0.301584 0.334985
vt 0.268622 0.332491
vt 0.268622 0.335018
vt 0.235670 0.332539
vt 0.235667 0.335062
vt 0.202734 0.332587
vt 0.202728 0.335105
vt 0.169824 0.332612
vt 0.169814 0.335135
vt 0.136943 0.332603
vt 0.136929 0.335133
vt 0.104086 0.332536
vt 0.104070 0.335055
vt 0.071237 0.332359
vt 0.071221 0.334862
vt 0.038363 0.332066
vt 0.038348 0.334551
vt 0.005044 0.331704
vt 0.004851 0.334166
vt 0.960611 0.328862
vt 0.960661 0.331336
vt 0.927712 0.329541
vt 0.927766 0.332037
vt 0.894820 0.330085
vt 0.894871 0.332590
vt 0.861929 0.330499
vt 0.861975 0.333017
vt 0.829034 0.330822
vt 0.829076 0.333345
vt 0.796128 0.331059
vt 0.796167 0.333591
vt 0.763206 0.331246
vt 0.763239 0.333770
vt 0.730259 0.331391
vt 0.730290 0.333910
vt 0.697301 0.331519
vt 0.697325 0.334042
vt 0.664323 0.331661
vt 0.664344 0.334190
vt 0.631340 0.331819
vt 0.631359 0.334342
vt 0.598360 0.331958
vt 0.598373 0.334482
vt 0.565383 0.332088
vt 0.565397 0.334606
vt 0.532413 0.332186
vt 0.532424 0.334713
vt 0.466178 0.212010
vt 0.499125 0.211926
vt 0.499129 0.213934
vt 0.466183 0.214013
vt 0.433227 0.212080
vt 0.433232 0.214079
vt 0.400267 0.212121
vt 0.400272 0.214123
vt 0.367300 0.212159
vt 0.367306 0.214166
vt 0.334327 0.212195
vt 0.334334 0.214196
vt 0.417106 0.717450
vt 0.416824 0.757406
vt 0.410443 0.755586
vt 0.401853 0.794616
vt 0.395992 0.791503
vt 0.379472 0.827893
vt 0.374390 0.823626
vt 0.350672 0.855771
vt 0.346583 0.850548
vt 0.316718 0.877064
vt 0.313795 0.871108
vt 0.279055 0.890838
vt 0.277438 0.884402
vt 0.239345 0.896476
vt 0.239108 0.889844
vt 0.199335 0.893729
vt 0.200483 0.887194
vt 0.160773 0.882725
vt 0.163257 0.876571
vt 0.125342 0.863937
vt 0.129056 0.858438
vt 0.094600 0.838195
vt 0.099379 0.833592
vt 0.069905 0.806643
vt 0.075527 0.803124
vt 0.052275 0.770668
vt 0.058503 0.768381
vt 0.042508 0.731788
vt 0.049076 0.730847
vt 0.038174 0.732411
vt 0.036671 0.691418
vt 0.048166 0.772179
vt 0.066195 0.808968
vt 0.091448 0.841233
vt 0.122893 0.867567
vt 0.159136 0.886786
vt 0.198579 0.898041
vt 0.239503 0.900851
vt 0.280123 0.895084
vt 0.318649 0.880994
vt 0.353372 0.859217
vt 0.382826 0.830707
vt 0.405721 0.796668
vt 0.421035 0.758605
vt 0.428094 0.718200
vt 0.426599 0.677210
vt 0.416607 0.637424
vt 0.398560 0.600597
vt 0.373275 0.568364
vt 0.341869 0.542054
vt 0.305640 0.522833
vt 0.266195 0.511569
vt 0.225275 0.508758
vt 0.184661 0.514517
vt 0.146127 0.528602
vt 0.111371 0.550393
vt 0.081931 0.578916
vt 0.059048 0.612938
vt 0.043733 0.651000
vt 0.400511 0.448223
vt 0.433615 0.448245
vt 0.466754 0.448233
vt 0.301361 0.212209
vt 0.301370 0.214207
vt 0.499927 0.448223
vt 0.268403 0.212220
vt 0.533097 0.448098
vt 0.268412 0.214223
vt 0.566258 0.447955
vt 0.235452 0.212252
vt 0.599391 0.447793
vt 0.235465 0.214261
vt 0.632523 0.447650
vt 0.202510 0.212321
vt 0.665643 0.447501
vt 0.202525 0.214323
vt 0.698764 0.447375
vt 0.169580 0.212412
vt 0.731893 0.447244
vt 0.169598 0.214415
vt 0.765101 0.447163
vt 0.136677 0.212547
vt 0.798385 0.446990
vt 0.136700 0.214550
vt 0.831722 0.446652
vt 0.103804 0.212753
vt 0.865079 0.446175
vt 0.103831 0.214753
vt 0.898456 0.445514
vt 0.070947 0.213074
vt 0.931861 0.444593
vt 0.070976 0.215061
vt 0.002050 0.445343
vt 0.038099 0.213512
vt 0.035500 0.447067
vt 0.038119 0.215485
vt 0.068927 0.447874
vt 0.004892 0.214003
vt 0.102304 0.448260
vt 0.004726 0.215959
vt 0.135622 0.448421
vt 0.959791 0.211047
vt 0.168881 0.448448
vt 0.959785 0.213006
vt 0.202055 0.448383
vt 0.926924 0.210844
vt 0.730313 0.109978
vt 0.926914 0.212826
vt 0.697220 0.110146
vt 0.894081 0.210728
vt 0.664173 0.110320
vt 0.894069 0.212721
vt 0.631140 0.110478
vt 0.861233 0.210686
vt 0.598117 0.110624
vt 0.861222 0.212685
vt 0.565108 0.110742
vt 0.828376 0.210706
vt 0.532099 0.110846
vt 0.828370 0.212710
vt 0.499069 0.110924
vt 0.795508 0.210772
vt 0.795504 0.212778
vt 0.762627 0.210875
vt 0.738406 0.507809
vt 0.778248 0.518430
vt 0.762625 0.212884
vt 0.779369 0.514190
vt 0.729718 0.211025
vt 0.816193 0.532844
vt 0.729718 0.213025
vt 0.818169 0.528929
vt 0.696795 0.211179
vt 0.850386 0.554844
vt 0.696795 0.213186
vt 0.853136 0.551428
vt 0.663854 0.211344
vt 0.879333 0.583487
vt 0.663855 0.213349
vt 0.882735 0.580718
vt 0.630908 0.211489
vt 0.901778 0.617563
vt 0.630910 0.213493
vt 0.905684 0.615567
vt 0.597965 0.211619
vt 0.916735 0.655796
vt 0.597967 0.213622
vt 0.920972 0.654666
vt 0.565021 0.211737
vt 0.923077 0.696965
vt 0.565024 0.213740
vt 0.927457 0.696757
vt 0.532068 0.211842
vt 0.920336 0.737984
vt 0.532072 0.213841
vt 0.924661 0.738709
vt 0.466507 0.336878
vt 0.909206 0.777274
vt 0.499473 0.336822
vt 0.913283 0.778889
vt 0.433522 0.336907
vt 0.890249 0.813305
vt 0.400539 0.336929
vt 0.893899 0.815736
vt 0.367552 0.336945
vt 0.864241 0.844599
vt 0.334565 0.336974
vt 0.867304 0.847738
vt 0.301584 0.337008
vt 0.832359 0.869790
vt 0.268622 0.337046
vt 0.834700 0.873498
vt 0.235665 0.337085
vt 0.796002 0.887793
vt 0.202722 0.337124
vt 0.797522 0.891906
vt 0.169804 0.337159
vt 0.756756 0.897852
vt 0.136917 0.337163
vt 0.757392 0.902191
vt 0.104055 0.337075
vt 0.677605 0.888605
vt 0.071207 0.336870
vt 0.716594 0.895141
vt 0.038337 0.336544
vt 0.004995 0.336144
vt 0.927812 0.334040
vt 0.894915 0.334598
vt 0.862014 0.335037
vt 0.829111 0.335369
vt 0.796198 0.335622
vt 0.763266 0.335794
vt 0.730314 0.335930
vt 0.697345 0.336066
vt 0.664362 0.336218
vt 0.631373 0.336366
vt 0.598387 0.336506
vt 0.565408 0.336626
vt 0.532435 0.336740
vt 0.466188 0.217017
vt 0.499135 0.216929
vt 0.433240 0.217067
vt 0.400281 0.217116
vt 0.367315 0.217165
vt 0.334346 0.217189
vt 0.301384 0.217195
vt 0.268426 0.217217
vt 0.235484 0.217264
vt 0.202549 0.217317
vt 0.169626 0.217409
vt 0.136734 0.217545
vt 0.103870 0.217743
vt 0.071016 0.218033
vt 0.038154 0.218435
vt 0.004894 0.218879
vt 0.926898 0.215791
vt 0.894054 0.215700
vt 0.861210 0.215675
vt 0.828361 0.215706
vt 0.795499 0.215777
vt 0.762621 0.215888
vt 0.729720 0.216017
vt 0.696795 0.216188
vt 0.663857 0.216345
vt 0.630916 0.216488
vt 0.597973 0.216618
vt 0.565028 0.216734
vt 0.532081 0.216831
vt 0.763417 0.109811
vt 0.796570 0.109714
vt 0.829733 0.109713
vt 0.862897 0.109820
vt 0.896068 0.110050
vt 0.929240 0.110465
vt 0.001509 0.115467
vt 0.035119 0.113425
vt 0.068503 0.112385
vt 0.101850 0.111824
vt 0.135146 0.111526
vt 0.168384 0.111375
vt 0.201572 0.111304
vt 0.234715 0.111257
vt 0.267824 0.111215
vt 0.640834 0.874141
vt 0.607858 0.852390
vt 0.580109 0.824286
vt 0.558800 0.791044
vt 0.544850 0.754114
vt 0.538863 0.715098
vt 0.541083 0.675690
vt 0.551420 0.637594
vt 0.569421 0.602458
vt 0.594319 0.571804
vt 0.625039 0.546965
vt 0.660256 0.529020
vt 0.698445 0.518749
vt 0.737970 0.516615
vt 0.777114 0.522712
vt 0.814195 0.536798
vt 0.847607 0.558295
vt 0.875896 0.586281
vt 0.897832 0.619576
vt 0.912458 0.656927
vt 0.918657 0.697184
vt 0.915965 0.737256
vt 0.905085 0.775644
vt 0.886560 0.810851
vt 0.861146 0.841428
vt 0.829992 0.866045
vt 0.794465 0.883637
vt 0.756113 0.893469
vt 0.679324 0.882411
vt 0.716995 0.888726
vt 0.643798 0.868438
vt 0.611938 0.847423
vt 0.585129 0.820271
vt 0.564543 0.788157
vt 0.551067 0.752479
vt 0.545284 0.714786
vt 0.547428 0.676712
vt 0.557418 0.639907
vt 0.574810 0.605962
vt 0.598865 0.576348
vt 0.628546 0.552352
vt 0.662571 0.535017
vt 0.699466 0.525095
vt 0.737652 0.523035
vt 0.775470 0.528926
vt 0.811293 0.542534
vt 0.843575 0.563302
vt 0.870908 0.590338
vt 0.892105 0.622491
vt 0.906266 0.658548
vt 0.912261 0.697520
vt 0.909622 0.736211
vt 0.899104 0.773288
vt 0.881207 0.807294
vt 0.856649 0.836835
vt 0.826551 0.860616
vt 0.792228 0.877612
vt 0.755176 0.887111
vt 0.868880 0.698754
vt 0.872049 0.699321
vt 0.865879 0.697550
vt 0.863175 0.695759
vt 0.860918 0.693437
vt 0.859180 0.690698
vt 0.858045 0.687657
vt 0.857545 0.684447
vt 0.857719 0.681203
vt 0.858532 0.678060
vt 0.859978 0.675157
vt 0.861988 0.672616
vt 0.864474 0.670545
vt 0.867336 0.669039
vt 0.870438 0.668151
vt 0.873651 0.667923
vt 0.876841 0.668365
vt 0.879871 0.669461
vt 0.882614 0.671162
vt 0.884965 0.673431
vt 0.886839 0.676195
vt 0.888203 0.679528
vt 0.888710 0.682998
vt 0.888394 0.686609
vt 0.887422 0.689828
vt 0.885844 0.692696
vt 0.883781 0.695128
vt 0.881253 0.697082
vt 0.878371 0.698467
vt 0.875258 0.699226
vt 0.872158 0.697545
vt 0.869349 0.697027
vt 0.869504 0.696460
vt 0.872196 0.696941
vt 0.866678 0.695995
vt 0.866948 0.695469
vt 0.864311 0.694367
vt 0.864684 0.693915
vt 0.862315 0.692309
vt 0.862777 0.691941
vt 0.860802 0.689874
vt 0.861327 0.689606
vt 0.859746 0.687202
vt 0.860321 0.687044
vt 0.859309 0.684350
vt 0.859894 0.684321
vt 0.859442 0.681474
vt 0.860017 0.681567
vt 0.860191 0.678695
vt 0.860740 0.678909
vt 0.861482 0.676129
vt 0.861978 0.676454
vt 0.863269 0.673887
vt 0.863688 0.674310
vt 0.865484 0.672083
vt 0.865806 0.672579
vt 0.868005 0.670748
vt 0.868230 0.671314
vt 0.870748 0.669955
vt 0.870855 0.670549
vt 0.873596 0.669753
vt 0.873580 0.670358
vt 0.876426 0.670148
vt 0.876291 0.670734
vt 0.879114 0.671145
vt 0.878852 0.671709
vt 0.881504 0.672738
vt 0.881145 0.673238
vt 0.883597 0.674748
vt 0.883143 0.675174
vt 0.885239 0.677217
vt 0.884702 0.677536
vt 0.886349 0.680056
vt 0.885745 0.680230
vt 0.886808 0.683075
vt 0.886192 0.683094
vt 0.886577 0.686124
vt 0.885978 0.685982
vt 0.885744 0.688976
vt 0.885195 0.688709
vt 0.884381 0.691542
vt 0.883890 0.691167
vt 0.882560 0.693748
vt 0.882160 0.693296
vt 0.880302 0.695468
vt 0.879993 0.694946
vt 0.877767 0.696734
vt 0.877562 0.696164
vt 0.875010 0.697428
vt 0.874923 0.696834
vt 0.872327 0.694800
vt 0.870068 0.694396
vt 0.867951 0.693512
vt 0.866016 0.692268
vt 0.864385 0.690632
vt 0.863109 0.688696
vt 0.862331 0.686513
vt 0.862003 0.684222
vt 0.862166 0.681920
vt 0.862722 0.679681
vt 0.863746 0.677613
vt 0.865178 0.675804
vt 0.866951 0.674326
vt 0.868981 0.673226
vt 0.871211 0.672650
vt 0.873507 0.672537
vt 0.875771 0.672923
vt 0.877941 0.673703
vt 0.879913 0.674933
vt 0.881535 0.676619
vt 0.882794 0.678610
vt 0.883613 0.680830
vt 0.883932 0.683175
vt 0.883836 0.685538
vt 0.883241 0.687816
vt 0.882201 0.689912
vt 0.880689 0.691667
vt 0.878923 0.693154
vt 0.876850 0.694156
vt 0.874622 0.694716
vt 0.869062 0.698081
vt 0.872094 0.698576
vt 0.872233 0.696348
vt 0.869657 0.695897
vt 0.866214 0.696896
vt 0.867211 0.694960
vt 0.863655 0.695174
vt 0.865052 0.693468
vt 0.861492 0.692976
vt 0.863229 0.691579
vt 0.859829 0.690371
vt 0.861851 0.689338
vt 0.858760 0.687466
vt 0.860883 0.686891
vt 0.858269 0.684409
vt 0.860472 0.684291
vt 0.858407 0.681312
vt 0.860576 0.681657
vt 0.859210 0.678322
vt 0.861282 0.679122
vt 0.860594 0.675557
vt 0.862466 0.676776
vt 0.862512 0.673138
vt 0.864101 0.674726
vt 0.864878 0.671159
vt 0.866124 0.673067
vt 0.867611 0.669738
vt 0.868453 0.671878
vt 0.870568 0.668891
vt 0.870960 0.671135
vt 0.873632 0.668674
vt 0.873565 0.670956
vt 0.876674 0.669100
vt 0.876156 0.671306
vt 0.879554 0.670172
vt 0.878596 0.672263
vt 0.882165 0.671815
vt 0.880784 0.673737
vt 0.884410 0.673982
vt 0.882697 0.675590
vt 0.886201 0.676629
vt 0.884173 0.677847
vt 0.887392 0.679755
vt 0.885153 0.680401
vt 0.887931 0.683033
vt 0.885595 0.683113
vt 0.887648 0.686386
vt 0.885388 0.685846
vt 0.886720 0.689457
vt 0.884653 0.688446
vt 0.885252 0.692213
vt 0.883399 0.690794
vt 0.883284 0.694558
vt 0.881773 0.692858
vt 0.880876 0.696437
vt 0.879681 0.694423
vt 0.878124 0.697757
vt 0.877361 0.695603
vt 0.875156 0.698487
vt 0.874839 0.696248
vt 0.962404 0.111255
vt 0.965357 0.443268
vt 0.999023 0.440948
vt 0.997715 0.430894
vt 0.995686 0.112947
vt 0.962177 0.114907
vt 0.959776 0.215934
vt 0.960701 0.333320
vt 0.993095 0.216080
vt 0.959756 0.219522
vt 0.993143 0.211259
vt 0.992779 0.207741
vt 0.993935 0.332486
vt 0.960766 0.336912
vt 0.993890 0.328086
vt 0.993458 0.324546
vt 0.993291 0.213192
vt 0.994082 0.330523
vt 0.998974 0.437842
vt 0.998434 0.434479
vt 0.964865 0.436765
vt 0.993574 0.336023
vt 0.992667 0.219597
vt 0.995011 0.116521
vt 0.996173 0.109714
vt 0.996193 0.106480
vt 0.962799 0.104751
vt 0.235160 0.448297
vt 0.268237 0.448296
vt 0.301321 0.448279
vt 0.334391 0.448205
vt 0.367441 0.448196
vt 0.300926 0.111198
vt 0.333988 0.111205
vt 0.367015 0.111226
vt 0.400027 0.111189
vt 0.433044 0.111110
vt 0.466056 0.111032

vn 0.619661 -0.557450 0.552513
vn 0.720994 -0.557450 0.411603
vn 0.868447 0.000167 0.495781
vn 0.746390 0.000167 0.665509
vn 0.790816 -0.557450 0.252705
vn 0.952549 0.000167 0.304387
vn 0.826075 -0.557450 0.082763
vn 0.995019 0.000167 0.099689
vn 0.825230 -0.557450 -0.090796
vn 0.994002 0.000167 -0.109365
vn 0.788319 -0.557450 -0.260387
vn 0.949542 0.000167 -0.313640
vn 0.716955 -0.557450 -0.418598
vn 0.863583 0.000167 -0.504207
vn 0.614257 -0.557450 -0.558514
vn 0.739881 0.000167 -0.672738
vn 0.484712 -0.557450 -0.674021
vn 0.583842 0.000167 -0.811867
vn 0.333983 -0.557450 -0.760069
vn 0.402288 0.000167 -0.915513
vn 0.168658 -0.557450 -0.812898
vn 0.203151 0.000167 -0.979147
vn -0.004039 -0.557450 -0.830201
vn -0.004865 0.000167 -0.999988
vn -0.176559 -0.557449 -0.811219
vn -0.212668 0.000167 -0.977125
vn -0.341363 -0.557450 -0.756784
vn -0.411176 0.000167 -0.911556
vn -0.491248 -0.557448 -0.669274
vn -0.591714 0.000167 -0.806148
vn -0.619663 -0.557447 -0.552513
vn -0.746391 0.000167 -0.665507
vn -0.720995 -0.557449 -0.411603
vn -0.868447 0.000167 -0.495781
vn -0.790816 -0.557450 -0.252705
vn -0.952549 0.000167 -0.304387
vn -0.826075 -0.557449 -0.082763
vn -0.995019 0.000167 -0.099689
vn -0.825231 -0.557450 0.090796
vn -0.994002 0.000167 0.109366
vn -0.788320 -0.557450 0.260387
vn -0.949542 0.000167 0.313640
vn -0.716957 -0.557448 0.418599
vn -0.863583 0.000167 0.504207
vn -0.614258 -0.557448 0.558515
vn -0.739881 0.000167 0.672738
vn -0.484712 -0.557449 0.674021
vn -0.583842 0.000167 0.811867
vn -0.333984 -0.557449 0.760070
vn -0.402288 0.000167 0.915513
vn -0.168658 -0.557448 0.812900
vn -0.203151 0.000167 0.979147
vn 0.004039 -0.557448 0.830202
vn 0.004865 0.000167 0.999988
vn 0.176559 -0.557449 0.811220
vn 0.212668 0.000167 0.977125
vn 0.341363 -0.557451 0.756783
vn 0.411176 0.000167 0.911556
vn 0.491246 -0.557449 0.669274
vn 0.591712 0.000167 0.806149
vn 0.746390 0.000000 0.665509
vn 0.868447 0.000000 0.495781
vn 0.868447 0.000000 0.495781
vn 0.746390 0.000000 0.665509
vn 0.952549 0.000000 0.304387
vn 0.952549 0.000000 0.304387
vn 0.995019 0.000000 0.099689
vn 0.995019 0.000000 0.099689
vn 0.994002 0.000000 -0.109365
vn 0.994002 0.000000 -0.109365
vn 0.949542 0.000000 -0.313640
vn 0.949542 0.000000 -0.313640
vn 0.863583 0.000000 -0.504207
vn 0.863583 0.000000 -0.504207
vn 0.739881 0.000000 -0.672738
vn 0.739881 0.000000 -0.672738
vn 0.583843 0.000000 -0.811867
vn 0.583843 0.000000 -0.811867
vn 0.402287 0.000000 -0.915513
vn 0.402287 0.000000 -0.915513
vn 0.203151 0.000000 -0.979147
vn 0.203151 0.000000 -0.979147
vn -0.004865 0.000000 -0.999988
vn -0.004865 0.000000 -0.999988
vn -0.212668 0.000000 -0.977125
vn -0.212668 0.000000 -0.977125
vn -0.411176 0.000000 -0.911556
vn -0.411176 0.000000 -0.911556
vn -0.591714 0.000000 -0.806148
vn -0.591714 0.000000 -0.806148
vn -0.746391 0.000000 -0.665507
vn -0.746391 0.000000 -0.665507
vn -0.868447 0.000000 -0.495781
vn -0.868447 0.000000 -0.495781
vn -0.952549 0.000000 -0.304387
vn -0.952549 0.000000 -0.304387
vn -0.995019 0.000000 -0.099689
vn -0.995019 0.000000 -0.099689
vn -0.994002 0.000000 0.109365
vn -0.994002 0.000000 0.109365
vn -0.949542 0.000000 0.313640
vn -0.949542 0.000000 0.313640
vn -0.863583 0.000000 0.504207
vn -0.863583 0.000000 0.504207
vn -0.739881 0.000000 0.672738
vn -0.739881 0.000000 0.672738
vn -0.583842 0.000000 0.811867
vn -0.583842 0.000000 0.811867
vn -0.402288 0.000000 0.915513
vn -0.402288 0.000000 0.915513
vn -0.203151 0.000000 0.979147
vn -0.203151 0.000000 0.979147
vn 0.004865 0.000000 0.999988
vn 0.004865 0.000000 0.999988
vn 0.212668 0.000000 0.977125
vn 0.212668 0.000000 0.977125
vn 0.411176 0.000000 0.911556
vn 0.411176 0.000000 0.911556
vn 0.591712 0.000000 0.806149
vn 0.591712 0.000000 0.806149
vn 0.746390 0.000000 0.665509
vn 0.868447 0.000000 0.495781
vn 0.868447 0.000000 0.495781
vn 0.746390 0.000000 0.665509
vn 0.952549 0.000000 0.304387
vn 0.952549 0.000000 0.304387
vn 0.995019 0.000000 0.099689
vn 0.995019 0.000000 0.099689
vn 0.994002 0.000000 -0.109365
vn 0.994002 0.000000 -0.109365
vn 0.949542 0.000000 -0.313640
vn 0.949542 0.000000 -0.313640
vn 0.863583 0.000000 -0.504207
vn 0.863583 0.000000 -0.504207
vn 0.739881 0.000000 -0.672738
vn 0.739881 0.000000 -0.672738
vn 0.583843 0.000000 -0.811867
vn 0.583843 0.000000 -0.811867
vn 0.402288 0.000000 -0.915513
vn 0.402288 0.000000 -0.915513
vn 0.203151 0.000000 -0.979147
vn 0.203151 0.000000 -0.979147
vn -0.004865 0.000000 -0.999988
vn -0.004865 0.000000 -0.999988
vn -0.212668 0.000000 -0.977125
vn -0.212668 0.000000 -0.977125
vn -0.411176 0.000000 -0.911556
vn -0.411176 0.000000 -0.911556
vn -0.591714 0.000000 -0.806148
vn -0.591714 0.000000 -0.806148
vn -0.746391 0.000000 -0.665507
vn -0.746391 0.000000 -0.665507
vn -0.868448 0.000000 -0.495781
vn -0.868448 0.000000 -0.495781
vn -0.952549 0.000000 -0.304387
vn -0.952549 0.000000 -0.304387
vn -0.995019 0.000000 -0.099689
vn -0.995019 0.000000 -0.099689
vn -0.994002 0.000000 0.109365
vn -0.994002 0.000000 0.109365
vn -0.949542 0.000000 0.313640
vn -0.949542 0.000000 0.313640
vn -0.863583 0.000000 0.504207
vn -0.863583 0.000000 0.504207
vn -0.739881 0.000000 0.672738
vn -0.739881 0.000000 0.672738
vn -0.583843 0.000000 0.811867
vn -0.583843 0.000000 0.811867
vn -0.402288 0.000000 0.915513
vn -0.402288 0.000000 0.915513
vn -0.203151 0.000000 0.979147
vn -0.203151 0.000000 0.979147
vn 0.004865 0.000000 0.999988
vn 0.004865 0.000000 0.999988
vn 0.212668 0.000000 0.977125
vn 0.212668 0.000000 0.977125
vn 0.411176 0.000000 0.911556
vn 0.411176 0.000000 0.911556
vn 0.591712 0.000000 0.806149
vn 0.591712 0.000000 0.806149
vn 0.746390 0.000000 0.665509
vn 0.868447 0.000000 0.495781
vn 0.868447 0.000000 0.495781
vn 0.746390 0.000000 0.665509
vn 0.952549 0.000000 0.304387
vn 0.952549 0.000000 0.304387
vn 0.995019 0.000000 0.099689
vn 0.995019 0.000000 0.099689
vn 0.994002 0.000000 -0.109365
vn 0.994002 0.000000 -0.109365
vn 0.949542 0.000000 -0.313640
vn 0.949542 0.000000 -0.313640
vn 0.863583 0.000000 -0.504207
vn 0.863583 0.000000 -0.504207
vn 0.739881 0.000000 -0.672738
vn 0.739881 0.000000 -0.672738
vn 0.583843 0.000000 -0.811867
vn 0.583843 0.000000 -0.811867
vn 0.402287 0.000000 -0.915513
vn 0.402287 0.000000 -0.915513
vn 0.203151 0.000000 -0.979147
vn 0.203151 0.000000 -0.979147
vn -0.004865 0.000000 -0.999988
vn -0.004865 0.000000 -0.999988
vn -0.212668 0.000000 -0.977125
vn -0.212668 0.000000 -0.977125
vn -0.411176 0.000000 -0.911556
vn -0.411176 0.000000 -0.911556
vn -0.591714 0.000000 -0.806148
vn -0.591714 0.000000 -0.806148
vn -0.746391 0.000000 -0.665507
vn -0.746391 0.000000 -0.665507
vn -0.868447 0.000000 -0.495781
vn -0.868447 0.000000 -0.495781
vn -0.952549 0.000000 -0.304387
vn -0.952549 0.000000 -0.304387
vn -0.995019 0.000000 -0.099689
vn -0.995019 0.000000 -0.099689
vn -0.994002 0.000000 0.109365
vn -0.994002 0.000000 0.109365
vn -0.949542 0.000000 0.313640
vn -0.949542 0.000000 0.313640
vn -0.863583 0.000000 0.504207
vn -0.863583 0.000000 0.504207
vn -0.739881 0.000000 0.672738
vn -0.739881 0.000000 0.672738
vn -0.583843 0.000000 0.811867
vn -0.583843 0.000000 0.811867
vn -0.402288 0.000000 0.915513
vn -0.402288 0.000000 0.915513
vn -0.203150 0.000000 0.979148
vn -0.203150 0.000000 0.979148
vn 0.004865 0.000000 0.999988
vn 0.004865 0.000000 0.999988
vn 0.212668 0.000000 0.977125
vn 0.212668 0.000000 0.977125
vn 0.411176 0.000000 0.911556
vn 0.411176 0.000000 0.911556
vn 0.591712 0.000000 0.806149
vn 0.591712 0.000000 0.806149
vn 0.636153 -0.523042 0.567218
vn 0.740183 -0.523043 0.422557
vn 0.868447 -0.001483 0.495780
vn 0.746389 -0.001483 0.665508
vn 0.811864 -0.523042 0.259429
vn 0.952548 -0.001482 0.304385
vn 0.848061 -0.523042 0.084963
vn 0.995018 -0.001482 0.099686
vn 0.847194 -0.523042 -0.093216
vn 0.994000 -0.001483 -0.109368
vn 0.809302 -0.523040 -0.267320
vn 0.949540 -0.001483 -0.313641
vn 0.736038 -0.523041 -0.429740
vn 0.863582 -0.001483 -0.504207
vn 0.630606 -0.523041 -0.573379
vn 0.739880 -0.001482 -0.672737
vn 0.497614 -0.523042 -0.691959
vn 0.583843 -0.001482 -0.811866
vn 0.342872 -0.523044 -0.780298
vn 0.402287 -0.001482 -0.915512
vn 0.173146 -0.523044 -0.834533
vn 0.203151 -0.001482 -0.979146
vn -0.004146 -0.523042 -0.852297
vn -0.004866 -0.001482 -0.999987
vn -0.181258 -0.523041 -0.832810
vn -0.212669 -0.001482 -0.977123
vn -0.350448 -0.523041 -0.776926
vn -0.411175 -0.001482 -0.911555
vn -0.504323 -0.523039 -0.687087
vn -0.591713 -0.001482 -0.806147
vn -0.636156 -0.523038 -0.567218
vn -0.746391 -0.001482 -0.665506
vn -0.740184 -0.523041 -0.422557
vn -0.868446 -0.001482 -0.495781
vn -0.811863 -0.523044 -0.259430
vn -0.952547 -0.001482 -0.304387
vn -0.848061 -0.523043 -0.084964
vn -0.995018 -0.001482 -0.099687
vn -0.847195 -0.523042 0.093214
vn -0.994000 -0.001482 0.109367
vn -0.809301 -0.523041 0.267319
vn -0.949541 -0.001482 0.313639
vn -0.736039 -0.523039 0.429741
vn -0.863582 -0.001483 0.504206
vn -0.630606 -0.523042 0.573379
vn -0.739880 -0.001483 0.672737
vn -0.497610 -0.523045 0.691959
vn -0.583841 -0.001482 0.811866
vn -0.342871 -0.523043 0.780298
vn -0.402286 -0.001482 0.915513
vn -0.173147 -0.523042 0.834534
vn -0.203149 -0.001482 0.979147
vn 0.004146 -0.523041 0.852297
vn 0.004866 -0.001482 0.999987
vn 0.181258 -0.523042 0.832810
vn 0.212668 -0.001483 0.977123
vn 0.350448 -0.523044 0.776925
vn 0.411175 -0.001483 0.911555
vn 0.504320 -0.523042 0.687087
vn 0.591711 -0.001482 0.806148
vn -0.000000 -1.000000 0.000000
vn -0.000000 -1.000000 0.000000
vn -0.000000 -1.000000 0.000000
vn -0.000000 -1.000000 0.000000
vn -0.000000 -1.000000 0.000000
vn -0.000000 -1.000000 0.000000
vn -0.000000 -1.000000 0.000000
vn -0.000000 -1.000000 0.000000
vn -0.000000 -1.000000 0.000000
vn -0.000000 -1.000000 0.000000
vn -0.000000 -1.000000 0.000000
vn -0.000000 -1.000000 0.000000
vn -0.000000 -1.000000 0.000000
vn -0.000000 -1.000000 0.000000
vn -0.000000 -1.000000 0.000000
vn -0.000000 -1.000000 0.000000
vn -0.000000 -1.000000 0.000000
vn -0.000000 -1.000000 0.000000
vn -0.000000 -1.000000 0.000000
vn -0.000000 -1.000000 0.000000
vn -0.000000 -1.000000 0.000000
vn -0.000000 -1.000000 0.000000
vn -0.000000 -1.000000 0.000000
vn -0.000000 -1.000000 0.000000
vn -0.000000 -1.000000 0.000000
vn -0.000000 -1.000000 0.000000
vn -0.000000 -1.000000 0.000000
vn -0.000000 -1.000000 0.000000
vn -0.000000 -1.000000 0.000000
vn -0.000000 -1.000000 0.000000
vn -0.000000 1.000000 0.000000
vn -0.000000 1.000000 0.000000
vn -0.000000 1.000000 0.000000
vn -0.000000 1.000000 0.000000
vn -0.000000 1.000000 0.000000
vn -0.000000 1.000000 0.000000
vn -0.000000 1.000000 0.000000
vn -0.000000 1.000000 0.000000
vn -0.000000 1.000000 0.000000
vn -0.000000 1.000000 0.000000
vn -0.000000 1.000000 0.000000
vn -0.000000 1.000000 0.000000
vn -0.000000 1.000000 0.000000
vn -0.000000 1.000000 0.000000
vn -0.000000 1.000000 0.000000
vn -0.000000 1.000000 0.000000
vn -0.000000 1.000000 0.000000
vn -0.000000 1.000000 0.000000
vn -0.000000 1.000000 0.000000
vn -0.000000 1.000000 0.000000
vn -0.000000 1.000000 0.000000
vn -0.000000 1.000000 0.000000
vn -0.000000 1.000000 0.000000
vn -0.000000 1.000000 0.000000
vn -0.000000 1.000000 0.000000
vn -0.000000 1.000000 0.000000
vn -0.000000 1.000000 0.000000
vn -0.000000 1.000000 0.000000
vn -0.000000 1.000000 0.000000
vn -0.000000 1.000000 0.000000
vn -0.745839 -0.504081 0.435462
vn -0.639002 -0.504082 0.581014
vn -0.739875 -0.004064 0.672732
vn -0.863576 -0.004063 0.504203
vn -0.820077 -0.504084 0.270875
vn -0.949534 -0.004063 0.313637
vn -0.858474 -0.504084 0.094453
vn -0.993994 -0.004063 0.109364
vn -0.859352 -0.504084 -0.086096
vn -0.995011 -0.004063 -0.099688
vn -0.822672 -0.504086 -0.262885
vn -0.952541 -0.004063 -0.304383
vn -0.750038 -0.504085 -0.428183
vn -0.868440 -0.004063 -0.495778
vn -0.644625 -0.504082 -0.574769
vn -0.746384 -0.004063 -0.665503
vn -0.511036 -0.504083 -0.696234
vn -0.591709 -0.004063 -0.806142
vn -0.355115 -0.504082 -0.787270
vn -0.411173 -0.004063 -0.911548
vn -0.183672 -0.504082 -0.843899
vn -0.212666 -0.004063 -0.977116
vn -0.004203 -0.504084 -0.863645
vn -0.004867 -0.004063 -0.999980
vn 0.175451 -0.504086 -0.845644
vn 0.203147 -0.004063 -0.979140
vn 0.347436 -0.504088 -0.790686
vn 0.402284 -0.004062 -0.915506
vn 0.504238 -0.504086 -0.701171
vn 0.583838 -0.004063 -0.811860
vn 0.639002 -0.504084 -0.581013
vn 0.739875 -0.004063 -0.672732
vn 0.745837 -0.504084 -0.435461
vn 0.863576 -0.004062 -0.504203
vn 0.820076 -0.504084 -0.270878
vn 0.949534 -0.004063 -0.313638
vn 0.858474 -0.504084 -0.094455
vn 0.993993 -0.004063 -0.109365
vn 0.859352 -0.504086 0.086098
vn 0.995011 -0.004062 0.099688
vn 0.822672 -0.504085 0.262887
vn 0.952540 -0.004062 0.304386
vn 0.750037 -0.504087 0.428183
vn 0.868439 -0.004062 0.495779
vn 0.644621 -0.504089 0.574768
vn 0.746383 -0.004063 0.665504
vn 0.511034 -0.504088 0.696233
vn 0.591707 -0.004063 0.806143
vn 0.355112 -0.504087 0.787268
vn 0.411172 -0.004063 0.911549
vn 0.183670 -0.504086 0.843897
vn 0.212665 -0.004063 0.977117
vn 0.004200 -0.504086 0.863643
vn 0.004864 -0.004064 0.999980
vn -0.175453 -0.504085 0.845644
vn -0.203149 -0.004064 0.979139
vn -0.347436 -0.504086 0.790687
vn -0.402283 -0.004063 0.915506
vn -0.504236 -0.504086 0.701173
vn -0.583837 -0.004063 0.811861
vn -0.633773 -0.679270 0.370032
vn -0.542989 -0.679271 0.493714
vn -0.739869 0.005597 0.672728
vn -0.863569 0.005597 0.504199
vn -0.696856 -0.679272 0.230177
vn -0.949527 0.005597 0.313635
vn -0.729483 -0.679273 0.080261
vn -0.993986 0.005597 0.109364
vn -0.730231 -0.679272 -0.073161
vn -0.995003 0.005597 -0.099688
vn -0.699061 -0.679274 -0.223385
vn -0.952534 0.005597 -0.304382
vn -0.637340 -0.679274 -0.363846
vn -0.868434 0.005597 -0.495773
vn -0.547766 -0.679273 -0.488406
vn -0.746380 0.005597 -0.665497
vn -0.434250 -0.679274 -0.591619
vn -0.591705 0.005597 -0.806135
vn -0.301757 -0.679273 -0.668977
vn -0.411170 0.005597 -0.911541
vn -0.156074 -0.679272 -0.717098
vn -0.212666 0.005597 -0.977109
vn -0.003570 -0.679274 -0.733876
vn -0.004865 0.005597 -0.999973
vn 0.149088 -0.679275 -0.718581
vn 0.203147 0.005597 -0.979132
vn 0.295232 -0.679275 -0.671881
vn 0.402280 0.005597 -0.915499
vn 0.428473 -0.679274 -0.595817
vn 0.583833 0.005597 -0.811854
vn 0.542988 -0.679273 -0.493713
vn 0.739869 0.005597 -0.672727
vn 0.633771 -0.679273 -0.370030
vn 0.863569 0.005597 -0.504199
vn 0.696855 -0.679274 -0.230175
vn 0.949527 0.005597 -0.313635
vn 0.729482 -0.679274 -0.080262
vn 0.993986 0.005597 -0.109364
vn 0.730229 -0.679274 0.073160
vn 0.995003 0.005597 0.099686
vn 0.699062 -0.679273 0.223385
vn 0.952534 0.005597 0.304381
vn 0.637340 -0.679274 0.363846
vn 0.868434 0.005597 0.495774
vn 0.547762 -0.679278 0.488404
vn 0.746378 0.005597 0.665498
vn 0.434246 -0.679279 0.591617
vn 0.591703 0.005597 0.806137
vn 0.301754 -0.679279 0.668972
vn 0.411170 0.005597 0.911542
vn 0.156072 -0.679278 0.717093
vn 0.212665 0.005597 0.977109
vn 0.003569 -0.679276 0.733875
vn 0.004864 0.005597 0.999973
vn -0.149089 -0.679273 0.718582
vn -0.203147 0.005597 0.979132
vn -0.295232 -0.679273 0.671882
vn -0.402281 0.005597 0.915499
vn -0.428473 -0.679274 0.595817
vn -0.583833 0.005597 0.811854
vn 0.000001 -1.000000 -0.000001
vn 0.000001 -1.000000 -0.000001
vn 0.000001 -1.000000 -0.000001
vn 0.000001 -1.000000 -0.000001
vn -0.000000 1.000000 0.000000
vn -0.000003 1.000000 0.000002
vn -0.000003 1.000000 0.000002
vn -0.000000 1.000000 0.000000
vn -0.000003 -1.000000 0.000002
vn -0.000003 -1.000000 0.000002
vn -0.000003 1.000000 0.000002
vn -0.000003 1.000000 0.000002
vn -0.000001 -1.000000 0.000001
vn -0.000001 -1.000000 0.000001
vn -0.000002 1.000000 0.000002
vn -0.000002 1.000000 0.000002
vn 0.000002 -1.000000 -0.000002
vn 0.000002 -1.000000 -0.000002
vn -0.000002 1.000000 0.000001
vn -0.000002 1.000000 0.000001
vn 0.000001 -1.000000 -0.000001
vn 0.000001 -1.000000 -0.000001
vn 0.000001 1.000000 -0.000000
vn 0.000001 1.000000 -0.000000
vn 0.000000 -1.000000 -0.000000
vn 0.000000 -1.000000 -0.000000
vn 0.000001 1.000000 -0.000000
vn 0.000001 1.000000 -0.000000
vn 0.000001 -1.000000 -0.000001
vn 0.000001 -1.000000 -0.000001
vn 0.000000 1.000000 0.000000
vn 0.000000 1.000000 -0.000000
vn -0.000000 -1.000000 0.000000
vn -0.000000 -1.000000 0.000000
vn 0.000000 1.000000 -0.000000
vn 0.000000 1.000000 -0.000000
vn -0.000000 -1.000000 0.000000
vn 0.000000 -1.000000 -0.000000
vn 0.000000 1.000000 0.000000
vn 0.000000 1.000000 0.000000
vn -0.000000 -1.000000 0.000000
vn -0.000000 -1.000000 0.000000
vn -0.000000 1.000000 0.000000
vn -0.000000 1.000000 0.000000
vn 0.000000 -1.000000 -0.000000
vn 0.000000 -1.000000 -0.000000
vn -0.000001 1.000000 0.000000
vn -0.000001 1.000000 0.000000
vn 0.000001 -1.000000 -0.000001
vn 0.000001 -1.000000 -0.000001
vn 0.000002 1.000000 -0.000001
vn 0.000002 1.000000 -0.000001
vn 0.000002 -1.000000 -0.000001
vn 0.000002 -1.000000 -0.000001
vn 0.000000 1.000000 -0.000000
vn 0.000000 1.000000 -0.000000
vn -0.000002 -1.000000 0.000002
vn -0.000002 -1.000000 0.000002
vn -0.000002 1.000000 0.000002
vn -0.000002 1.000000 0.000002
vn -0.000002 -1.000000 0.000002
vn -0.000002 -1.000000 0.000002
vn 0.000000 1.000000 -0.000000
vn 0.000000 1.000000 -0.000000
vn -0.000002 -1.000000 0.000002
vn -0.000002 -1.000000 0.000002
vn 0.000002 1.000000 -0.000002
vn 0.000002 1.000000 -0.000002
vn -0.000004 -1.000000 0.000003
vn -0.000004 -1.000000 0.000003
vn -0.000001 1.000000 0.000000
vn -0.000001 1.000000 0.000000
vn -0.000001 -1.000000 0.000000
vn -0.000001 -1.000000 0.000000
vn -0.000002 1.000000 0.000001
vn -0.000002 1.000000 0.000001
vn 0.000000 -1.000000 -0.000000
vn 0.000000 -1.000000 -0.000000
vn 0.000001 1.000000 -0.000000
vn 0.000001 1.000000 -0.000000
vn 0.000000 -1.000000 -0.000000
vn 0.000000 -1.000000 -0.000000
vn 0.000001 1.000000 -0.000001
vn 0.000001 1.000000 -0.000001
vn -0.000001 -1.000000 0.000001
vn -0.000001 -1.000000 0.000001
vn 0.000001 1.000000 -0.000000
vn 0.000001 1.000000 -0.000000
vn -0.000001 -1.000000 0.000001
vn -0.000001 -1.000000 0.000001
vn 0.000000 1.000000 -0.000000
vn 0.000000 1.000000 -0.000000
vn 0.000000 -1.000000 0.000000
vn 0.000000 -1.000000 0.000000
vn 0.000000 1.000000 0.000000
vn 0.000000 1.000000 0.000000
vn 0.000001 -1.000000 -0.000001
vn 0.000001 -1.000000 -0.000001
vn 0.000000 1.000000 0.000000
vn 0.000000 1.000000 0.000000
vn 0.000001 -1.000000 -0.000001
vn 0.000001 -1.000000 -0.000001
vn -0.000001 1.000000 0.000001
vn -0.000001 1.000000 0.000001
vn 0.000002 -1.000000 -0.000001
vn 0.000002 -1.000000 -0.000001
vn -0.000001 1.000000 0.000000
vn -0.000001 1.000000 0.000000
vn 0.000001 -1.000000 -0.000001
vn 0.000001 -1.000000 -0.000001
vn -0.000002 1.000000 0.000001
vn -0.000002 1.000000 0.000001
vn -0.000002 -1.000000 0.000001
vn -0.000002 -1.000000 0.000001
vn -0.000003 1.000000 0.000002
vn -0.000003 1.000000 0.000002
vn -0.000002 -1.000000 0.000001
vn -0.000002 -1.000000 0.000001
vn 0.000000 1.000000 -0.000000
vn 0.000000 1.000000 -0.000000
vn 0.000003 -1.000000 -0.000002
vn 0.000002 -1.000000 -0.000001
vn 0.000002 -1.000000 -0.000001
vn 0.000003 -1.000000 -0.000002
vn 0.000000 1.000000 -0.000000
vn -0.000001 1.000000 0.000000
vn -0.000001 1.000000 0.000000
vn 0.000000 1.000000 -0.000000
vn 0.000002 -1.000000 -0.000001
vn 0.000002 -1.000000 -0.000001
vn -0.000001 1.000000 0.000001
vn -0.000001 1.000000 0.000001
vn -0.000000 -1.000000 0.000000
vn -0.000000 -1.000000 0.000000
vn -0.000001 1.000000 0.000000
vn -0.000001 1.000000 0.000000
vn 0.000001 -1.000000 -0.000000
vn 0.000001 -1.000000 -0.000000
vn -0.000001 1.000000 0.000001
vn -0.000001 1.000000 0.000001
vn 0.000000 -1.000000 -0.000000
vn 0.000000 -1.000000 -0.000000
vn -0.000001 1.000000 0.000001
vn -0.000001 1.000000 0.000001
vn 0.000000 -1.000000 -0.000000
vn 0.000000 -1.000000 -0.000000
vn -0.000000 1.000000 0.000000
vn -0.000000 1.000000 0.000000
vn 0.000000 -1.000000 -0.000000
vn 0.000000 -1.000000 -0.000000
vn 0.000000 1.000000 -0.000000
vn 0.000000 1.000000 -0.000000
vn -0.000000 -1.000000 0.000000
vn -0.000000 -1.000000 0.000000
vn 0.000000 1.000000 -0.000000
vn 0.000000 1.000000 -0.000000
vn -0.000000 -1.000000 0.000000
vn -0.000000 -1.000000 0.000000
vn 0.000000 1.000000 0.000000
vn 0.000000 1.000000 0.000000
vn 0.000001 -1.000000 -0.000001
vn 0.000001 -1.000000 -0.000001
vn 0.000000 1.000000 -0.000000
vn 0.000000 1.000000 -0.000000
vn -0.000001 -1.000000 0.000000
vn -0.000001 -1.000000 0.000000
vn -0.000000 1.000000 0.000000
vn -0.000000 1.000000 0.000000
vn -0.000001 -1.000000 0.000001
vn -0.000001 -1.000000 0.000001
vn -0.000000 1.000000 0.000000
vn -0.000000 1.000000 0.000000
vn 0.000000 -1.000000 -0.000000
vn 0.000000 -1.000000 -0.000000
vn -0.000000 1.000000 0.000000
vn -0.000000 1.000000 0.000000
vn -0.000001 -1.000000 0.000001
vn -0.000001 -1.000000 0.000001
vn 0.000000 1.000000 -0.000000
vn 0.000000 1.000000 -0.000000
vn -0.000001 -1.000000 0.000000
vn -0.000001 -1.000000 0.000000
vn 0.000001 1.000000 -0.000000
vn 0.000001 1.000000 -0.000000
vn -0.000000 -1.000000 0.000000
vn -0.000000 -1.000000 0.000000
vn 0.000000 1.000000 -0.000000
vn 0.000000 1.000000 -0.000000
vn -0.000000 -1.000000 0.000000
vn -0.000000 -1.000000 0.000000
vn 0.000001 1.000000 -0.000001
vn 0.000001 1.000000 -0.000001
vn 0.000001 -1.000000 -0.000000
vn 0.000001 -1.000000 -0.000000
vn -0.000000 1.000000 0.000000
vn -0.000000 1.000000 0.000000
vn -0.000000 -1.000000 0.000000
vn -0.000000 -1.000000 0.000000
vn 0.000000 1.000000 -0.000000
vn 0.000000 1.000000 -0.000000
vn -0.000000 -1.000000 0.000000
vn -0.000000 -1.000000 0.000000
vn 0.000001 1.000000 -0.000001
vn 0.000001 1.000000 -0.000001
vn -0.000000 -1.000000 0.000000
vn -0.000000 -1.000000 0.000000
vn 0.000000 1.000000 -0.000000
vn 0.000000 1.000000 -0.000000
vn -0.000000 -1.000000 0.000000
vn -0.000000 -1.000000 0.000000
vn -0.000000 1.000000 0.000000
vn -0.000000 1.000000 0.000000
vn 0.000000 -1.000000 -0.000000
vn 0.000000 -1.000000 -0.000000
vn -0.000000 1.000000 0.000000
vn -0.000000 1.000000 0.000000
vn -0.000000 -1.000000 0.000000
vn -0.000000 -1.000000 0.000000
vn -0.000000 1.000000 0.000000
vn -0.000000 1.000000 0.000000
vn 0.000000 -1.000000 -0.000000
vn 0.000000 -1.000000 -0.000000
vn 0.000000 1.000000 -0.000000
vn 0.000000 1.000000 -0.000000
vn 0.000001 -1.000000 -0.000000
vn 0.000001 -1.000000 -0.000000
vn -0.000000 1.000000 0.000000
vn -0.000000 1.000000 0.000000
vn -0.000001 -1.000000 0.000001
vn -0.000001 -1.000000 0.000001
vn 0.000000 1.000000 -0.000000
vn 0.000000 1.000000 -0.000000
vn -0.000001 -1.000000 0.000000
vn -0.000001 -1.000000 0.000000
vn 0.000001 1.000000 -0.000001
vn 0.000001 1.000000 -0.000001
vn 0.000001 -1.000000 -0.000000
vn 0.000001 -1.000000 -0.000000
vn 0.000000 1.000000 -0.000000
vn 0.000000 1.000000 -0.000000
vn -0.641429 0.669566 0.374501
vn -0.705275 0.669566 0.232957
vn -0.738295 0.669569 0.081231
vn -0.739050 0.669569 -0.074043
vn -0.707505 0.669570 -0.226081
vn -0.645038 0.669569 -0.368242
vn -0.554381 0.669567 -0.494308
vn -0.439496 0.669568 -0.598767
vn -0.305402 0.669567 -0.677060
vn -0.157959 0.669566 -0.725761
vn -0.003615 0.669568 -0.742742
vn 0.150888 0.669571 -0.727260
vn 0.298798 0.669572 -0.679995
vn 0.433649 0.669571 -0.603013
vn 0.549546 0.669570 -0.499675
vn 0.641425 0.669571 -0.374499
vn 0.705270 0.669571 -0.232954
vn 0.738295 0.669569 -0.081232
vn 0.739051 0.669568 0.074041
vn 0.707506 0.669569 0.226083
vn 0.645035 0.669572 0.368243
vn 0.554376 0.669574 0.494306
vn 0.439492 0.669572 0.598765
vn 0.305400 0.669572 0.677056
vn 0.157959 0.669571 0.725757
vn 0.003614 0.669571 0.742739
vn -0.150889 0.669571 0.727260
vn -0.298797 0.669571 0.679996
vn -0.433650 0.669568 0.603015
vn -0.549549 0.669565 0.499678
vn -0.786849 0.412086 0.459406
vn -0.865170 0.412086 0.285772
vn -0.905680 0.412085 0.099649
vn -0.906607 0.412085 -0.090831
vn -0.867909 0.412087 -0.277340
vn -0.791281 0.412087 -0.451728
vn -0.680070 0.412087 -0.606374
vn -0.539137 0.412088 -0.734517
vn -0.374641 0.412086 -0.830559
vn -0.193772 0.412086 -0.890302
vn -0.004433 0.412087 -0.911134
vn 0.185100 0.412087 -0.892145
vn 0.366542 0.412087 -0.834165
vn 0.531965 0.412087 -0.739728
vn 0.674139 0.412086 -0.612962
vn 0.786849 0.412085 -0.459406
vn 0.865170 0.412087 -0.285771
vn 0.905679 0.412088 -0.099647
vn 0.906606 0.412087 0.090830
vn 0.867910 0.412086 0.277339
vn 0.791281 0.412088 0.451728
vn 0.680068 0.412091 0.606374
vn 0.539134 0.412092 0.734517
vn 0.374640 0.412092 0.830557
vn 0.193771 0.412091 0.890300
vn 0.004432 0.412089 0.911133
vn -0.185100 0.412087 0.892145
vn -0.366543 0.412086 0.834165
vn -0.531965 0.412086 0.739728
vn -0.674138 0.412085 0.612962
vn 0.000000 -1.000000 -0.000000
vn 0.000000 -1.000000 -0.000000
vn -0.000000 -1.000000 0.000000
vn 0.000000 -1.000000 0.000000
vn -0.000000 -1.000000 0.000000
vn -0.000000 -1.000000 0.000000
vn 0.000000 -1.000000 -0.000000
vn 0.000000 -1.000000 -0.000000
vn 0.000000 -1.000000 -0.000000
vn 0.000000 -1.000000 -0.000000
vn -0.000000 -1.000000 0.000000
vn -0.000000 -1.000000 0.000000
vn -0.000000 -1.000000 0.000000
vn 0.000000 -1.000000 -0.000000
vn 0.000000 -1.000000 -0.000000
vn 0.000000 -1.000000 -0.000000
vn 0.000000 -1.000000 -0.000000
vn 0.000000 -1.000000 -0.000000
vn -0.000000 -1.000000 0.000000
vn 0.000000 -1.000000 -0.000000
vn -0.000000 -1.000000 0.000000
vn 0.000000 -1.000000 -0.000000
vn 0.000000 -1.000000 -0.000000
vn 0.000000 -1.000000 0.000000
vn -0.000000 -1.000000 0.000000
vn -0.000000 -1.000000 0.000000
vn -0.000000 -1.000000 0.000000
vn -0.000000 -1.000000 0.000000
vn -0.000000 -1.000000 0.000000
vn 0.000000 -1.000000 0.000000
vn -0.000000 -1.000000 0.000000
vn 0.000000 -1.000000 0.000000
vn -0.000000 -1.000000 0.000000
vn -0.000000 -1.000000 0.000000
vn -0.000000 -1.000000 0.000000
vn -0.000000 -1.000000 0.000000
vn -0.000000 -1.000000 0.000000
vn -0.000000 -1.000000 0.000000
vn -0.000000 -1.000000 0.000000
vn -0.000000 -1.000000 0.000000
vn -0.000000 -1.000000 0.000000
vn -0.000000 -1.000000 0.000000
vn 0.000000 -1.000000 -0.000000
vn -0.000000 -1.000000 0.000000
vn -0.000000 -1.000000 0.000000
vn -0.000000 -1.000000 0.000000
vn -0.000000 -1.000000 0.000000
vn -0.000000 -1.000000 0.000000
vn -0.000000 -1.000000 0.000000
vn -0.000000 -1.000000 0.000000
vn 0.000000 -1.000000 -0.000000
vn 0.000000 -1.000000 -0.000000
vn -0.000000 -1.000000 0.000000
vn 0.000000 -1.000000 0.000000
vn 0.000000 -1.000000 -0.000000
vn 0.000000 -1.000000 -0.000000
vn 0.000000 -1.000000 -0.000000
vn 0.000000 -1.000000 -0.000000
vn 0.000000 -1.000000 -0.000000
vn 0.000000 -1.000000 0.000000
vn -0.746390 0.000000 -0.665509
vn -0.591712 0.000000 -0.806149
vn -0.591712 0.000000 -0.806149
vn -0.746390 0.000000 -0.665509
vn -0.411176 0.000000 -0.911556
vn -0.411176 0.000000 -0.911556
vn -0.212668 0.000000 -0.977125
vn -0.212668 0.000000 -0.977125
vn -0.004865 0.000000 -0.999988
vn -0.004865 0.000000 -0.999988
vn 0.203150 0.000000 -0.979148
vn 0.203150 0.000000 -0.979148
vn 0.402287 0.000000 -0.915513
vn 0.402287 0.000000 -0.915513
vn 0.583843 0.000000 -0.811867
vn 0.583843 0.000000 -0.811867
vn 0.739881 0.000000 -0.672738
vn 0.739881 0.000000 -0.672738
vn 0.863583 0.000000 -0.504207
vn 0.863583 0.000000 -0.504207
vn 0.949542 0.000000 -0.313640
vn 0.949542 0.000000 -0.313640
vn 0.994002 0.000000 -0.109365
vn 0.994002 0.000000 -0.109365
vn 0.995019 0.000000 0.099689
vn 0.995019 0.000000 0.099689
vn 0.952549 0.000000 0.304387
vn 0.952549 0.000000 0.304387
vn 0.868447 0.000000 0.495781
vn 0.868447 0.000000 0.495781
vn 0.746391 0.000000 0.665507
vn 0.746391 0.000000 0.665507
vn 0.591714 -0.000000 0.806148
vn 0.591714 -0.000000 0.806148
vn 0.411176 -0.000000 0.911556
vn 0.411176 -0.000000 0.911556
vn 0.212668 0.000000 0.977125
vn 0.212668 0.000000 0.977125
vn 0.004865 0.000000 0.999988
vn 0.004865 0.000000 0.999988
vn -0.203151 0.000000 0.979147
vn -0.203151 0.000000 0.979147
vn -0.402288 0.000000 0.915513
vn -0.402288 0.000000 0.915513
vn -0.583843 0.000000 0.811867
vn -0.583843 0.000000 0.811867
vn -0.739881 0.000000 0.672738
vn -0.739881 0.000000 0.672738
vn -0.863583 0.000000 0.504207
vn -0.863583 0.000000 0.504207
vn -0.949542 0.000000 0.313640
vn -0.949542 0.000000 0.313640
vn -0.994002 0.000000 0.109365
vn -0.994002 0.000000 0.109365
vn -0.995019 0.000000 -0.099689
vn -0.995019 0.000000 -0.099689
vn -0.952549 0.000000 -0.304387
vn -0.952549 0.000000 -0.304387
vn -0.868447 0.000000 -0.495781
vn -0.868447 0.000000 -0.495781
vn 0.000000 -1.000000 -0.000000
vn 0.000000 -1.000000 -0.000000
vn 0.000000 1.000000 -0.000000
vn 0.000000 1.000000 -0.000000
vn 0.000000 1.000000 -0.000000
vn 0.000000 1.000000 -0.000000
vn 0.000000 -1.000000 -0.000000
vn 0.000000 1.000000 -0.000000
vn 0.000000 1.000000 -0.000000
vn 0.000000 -1.000000 -0.000000
vn 0.000000 1.000000 -0.000000
vn 0.000000 1.000000 -0.000000
vn -0.000000 -1.000000 0.000000
vn 0.000000 1.000000 -0.000000
vn 0.000000 1.000000 -0.000000
vn -0.000000 -1.000000 0.000000
vn 0.000000 1.000000 -0.000000
vn 0.000000 1.000000 -0.000000
vn -0.000000 -1.000000 0.000000
vn -0.000000 1.000000 0.000000
vn -0.000000 1.000000 0.000000
vn -0.000000 -1.000000 0.000000
vn -0.000000 1.000000 0.000000
vn -0.000000 1.000000 0.000000
vn 0.000000 -1.000000 -0.000000
vn 0.000000 1.000000 -0.000000
vn 0.000000 1.000000 -0.000000
vn 0.000000 -1.000000 -0.000000
vn 0.000000 1.000000 -0.000000
vn 0.000000 1.000000 -0.000000
vn -0.000000 -1.000000 0.000000
vn 0.000000 1.000000 -0.000000
vn 0.000000 1.000000 -0.000000
vn -0.000000 -1.000000 0.000000
vn 0.000000 1.000000 -0.000000
vn 0.000000 1.000000 -0.000000
vn -0.000000 -1.000000 0.000000
vn -0.000000 1.000000 0.000000
vn -0.000000 1.000000 0.000000
vn -0.000000 -1.000000 0.000000
vn 0.000000 1.000000 -0.000000
vn 0.000000 1.000000 -0.000000
vn -0.000000 -1.000000 0.000000
vn 0.000000 1.000000 -0.000000
vn 0.000000 1.000000 -0.000000
vn -0.000000 -1.000000 0.000000
vn 0.000000 1.000000 -0.000000
vn 0.000000 1.000000 -0.000000
vn -0.000000 -1.000000 0.000000
vn 0.000000 1.000000 -0.000000
vn 0.000000 1.000000 -0.000000
vn -0.000000 -1.000000 0.000000
vn -0.000000 1.000000 0.000000
vn -0.000000 1.000000 0.000000
vn -0.000000 -1.000000 0.000000
vn -0.000000 1.000000 0.000000
vn -0.000000 1.000000 0.000000
vn 0.000000 -1.000000 -0.000000
vn 0.000000 1.000000 -0.000000
vn 0.000000 1.000000 -0.000000
vn -0.000000 -1.000000 0.000000
vn 0.000000 1.000000 -0.000000
vn 0.000000 1.000000 -0.000000
vn -0.000000 -1.000000 0.000000
vn -0.000000 1.000000 0.000000
vn -0.000000 1.000000 0.000000
vn 0.000000 -1.000000 -0.000000
vn -0.000000 1.000000 0.000000
vn -0.000000 1.000000 0.000000
vn 0.000000 -1.000000 -0.000000
vn 0.000000 1.000000 -0.000000
vn 0.000000 1.000000 -0.000000
vn -0.000000 -1.000000 0.000000
vn 0.000000 1.000000 -0.000000
vn 0.000000 1.000000 -0.000000
vn -0.000000 -1.000000 0.000000
vn -0.000000 1.000000 0.000000
vn -0.000000 1.000000 0.000000
vn 0.000000 -1.000000 -0.000000
vn -0.000000 1.000000 0.000000
vn -0.000000 1.000000 0.000000
vn 0.000000 -1.000000 -0.000000
vn 0.000000 1.000000 -0.000000
vn 0.000000 1.000000 -0.000000
vn 0.000000 -1.000000 -0.000000
vn -0.000000 1.000000 0.000000
vn -0.000000 1.000000 0.000000
vn 0.000000 -1.000000 -0.000000
vn 0.000000 1.000000 -0.000000
vn 0.000000 1.000000 -0.000000
vn 0.000001 -1.000000 -0.000001
vn 0.000003 -1.000000 -0.000002
vn 0.000003 -1.000000 -0.000002
vn 0.000001 -1.000000 -0.000001
vn -0.000001 1.000000 0.000000
vn 0.000000 1.000000 -0.000000
vn -0.000001 1.000000 0.000000
vn -0.000001 1.000000 0.000001
vn 0.000002 -1.000000 -0.000002
vn 0.000002 -1.000000 -0.000002
vn -0.000000 1.000000 0.000000
vn -0.000001 1.000000 0.000001
vn -0.000001 -1.000000 0.000001
vn -0.000001 -1.000000 0.000001
vn 0.000002 1.000000 -0.000001
vn 0.000000 1.000000 -0.000000
vn -0.000002 -1.000000 0.000002
vn -0.000002 -1.000000 0.000002
vn 0.000004 1.000000 -0.000003
vn -0.000000 1.000000 0.000000
vn -0.000006 -1.000000 0.000004
vn -0.000006 -1.000000 0.000004
vn 0.000003 1.000000 -0.000002
vn -0.000000 1.000000 0.000000
vn -0.000005 -1.000000 0.000003
vn -0.000005 -1.000000 0.000003
vn 0.000002 1.000000 -0.000001
vn 0.000000 1.000000 -0.000000
vn -0.000004 -1.000000 0.000003
vn -0.000004 -1.000000 0.000003
vn -0.000002 1.000000 0.000002
vn -0.000002 1.000000 0.000002
vn -0.000006 -1.000000 0.000005
vn -0.000006 -1.000000 0.000005
vn -0.000004 1.000000 0.000003
vn -0.000002 1.000000 0.000001
vn -0.000001 -1.000000 0.000001
vn -0.000001 -1.000000 0.000001
vn -0.000000 1.000000 0.000000
vn -0.000002 1.000000 0.000001
vn 0.000002 -1.000000 -0.000002
vn 0.000002 -1.000000 -0.000002
vn 0.000001 1.000000 -0.000000
vn -0.000001 1.000000 0.000001
vn 0.000003 -1.000000 -0.000002
vn 0.000003 -1.000000 -0.000002
vn 0.000000 1.000000 -0.000000
vn 0.000002 1.000000 -0.000002
vn 0.000001 -1.000000 -0.000001
vn 0.000001 -1.000000 -0.000001
vn 0.000000 1.000000 -0.000000
vn 0.000001 1.000000 -0.000001
vn -0.000001 -1.000000 0.000001
vn -0.000001 -1.000000 0.000001
vn -0.000000 1.000000 0.000000
vn -0.000001 1.000000 0.000000
vn -0.000001 -1.000000 0.000000
vn -0.000001 -1.000000 0.000000
vn 0.000000 1.000000 0.000000
vn 0.000000 1.000000 0.000000
vn -0.000001 -1.000000 0.000001
vn -0.000001 -1.000000 0.000001
vn -0.000000 1.000000 0.000000
vn 0.000001 1.000000 -0.000000
vn -0.000003 -1.000000 0.000002
vn -0.000003 -1.000000 0.000002
vn -0.000002 1.000000 0.000001
vn -0.000001 1.000000 0.000001
vn -0.000002 -1.000000 0.000002
vn -0.000002 -1.000000 0.000002
vn -0.000001 1.000000 0.000001
vn -0.000001 1.000000 0.000001
vn 0.000001 -1.000000 -0.000001
vn 0.000001 -1.000000 -0.000001
vn -0.000002 1.000000 0.000001
vn -0.000000 1.000000 0.000000
vn 0.000002 -1.000000 -0.000002
vn 0.000002 -1.000000 -0.000002
vn -0.000003 1.000000 0.000002
vn -0.000002 1.000000 0.000002
vn -0.000001 -1.000000 0.000001
vn -0.000001 -1.000000 0.000001
vn -0.000004 1.000000 0.000003
vn -0.000004 1.000000 0.000003
vn 0.000001 -1.000000 -0.000000
vn 0.000001 -1.000000 -0.000000
vn 0.000001 1.000000 -0.000001
vn 0.000000 1.000000 -0.000000
vn -0.000000 -1.000000 0.000000
vn 0.000000 -1.000000 -0.000000
vn 0.000004 1.000000 -0.000003
vn 0.000001 1.000000 -0.000001
vn -0.000003 -1.000000 0.000002
vn -0.000003 -1.000000 0.000002
vn 0.000002 1.000000 -0.000001
vn -0.000000 1.000000 0.000000
vn -0.000001 -1.000000 0.000001
vn -0.000001 -1.000000 0.000001
vn -0.000002 1.000000 0.000001
vn -0.000002 1.000000 0.000001
vn -0.000002 -1.000000 0.000002
vn -0.000002 -1.000000 0.000002
vn -0.000003 1.000000 0.000002
vn -0.000003 1.000000 0.000002
vn -0.000003 -1.000000 0.000002
vn -0.000003 -1.000000 0.000002
vn -0.000000 1.000000 0.000000
vn -0.000002 1.000000 0.000002
vn -0.000001 -1.000000 0.000001
vn -0.000001 -1.000000 0.000001
vn -0.000000 1.000000 0.000000
vn -0.000002 1.000000 0.000001
vn 0.000001 -1.000000 -0.000000
vn 0.000001 -1.000000 -0.000000
vn 0.000000 1.000000 0.000000
vn 0.000000 1.000000 0.000000
vn 0.000000 -1.000000 0.000000
vn 0.000000 -1.000000 0.000000
vn 0.000000 1.000000 0.000000
vn 0.000000 1.000000 0.000000
vn -0.332747 0.587453 -0.737684
vn -0.172105 0.587454 -0.790745
vn -0.003940 0.587456 -0.809247
vn 0.164402 0.587455 -0.792381
vn 0.325553 0.587456 -0.740885
vn 0.472478 0.587456 -0.657008
vn 0.598754 0.587453 -0.544418
vn 0.698862 0.587453 -0.408034
vn 0.768423 0.587455 -0.253816
vn 0.804402 0.587455 -0.088506
vn 0.805226 0.587454 0.080671
vn 0.770857 0.587454 0.246327
vn 0.702798 0.587455 0.401213
vn 0.604022 0.587454 0.538568
vn 0.478847 0.587454 0.652383
vn 0.332747 0.587456 0.737683
vn 0.172105 0.587455 0.790745
vn 0.003940 0.587454 0.809248
vn -0.164398 0.587455 0.792382
vn -0.325553 0.587455 0.740886
vn -0.472479 0.587455 0.657009
vn -0.598753 0.587456 0.544418
vn -0.698860 0.587457 0.408031
vn -0.768422 0.587457 0.253814
vn -0.804403 0.587454 0.088505
vn -0.805227 0.587454 -0.080672
vn -0.770855 0.587457 -0.246328
vn -0.702797 0.587454 -0.401215
vn -0.604026 0.587450 -0.538568
vn -0.478851 0.587451 -0.652383
vn -0.792910 0.550183 0.261903
vn -0.830035 0.550183 0.091325
vn -0.830885 0.550183 -0.083245
vn -0.795420 0.550184 -0.254176
vn -0.725192 0.550183 -0.413999
vn -0.623271 0.550181 -0.555729
vn -0.494108 0.550181 -0.673170
vn -0.343350 0.550183 -0.761189
vn -0.177587 0.550183 -0.815942
vn -0.004062 0.550183 -0.835034
vn 0.169640 0.550184 -0.817631
vn 0.335927 0.550183 -0.764494
vn 0.487534 0.550184 -0.677945
vn 0.617832 0.550184 -0.561766
vn 0.721129 0.550184 -0.421035
vn 0.792909 0.550184 -0.261903
vn 0.830035 0.550184 -0.091325
vn 0.830884 0.550183 0.083245
vn 0.795420 0.550183 0.254176
vn 0.725192 0.550184 0.413999
vn 0.623268 0.550183 0.555730
vn 0.494106 0.550183 0.673171
vn 0.343350 0.550184 0.761188
vn 0.177587 0.550183 0.815942
vn 0.004063 0.550181 0.835035
vn -0.169640 0.550182 0.817632
vn -0.335928 0.550182 0.764495
vn -0.487534 0.550182 0.677945
vn -0.617834 0.550182 0.561767
vn -0.721130 0.550182 0.421036
vn 0.000000 1.000000 -0.000000
vn 0.000001 1.000000 -0.000001
vn 0.000000 1.000000 -0.000000
vn 0.000004 1.000000 -0.000003
vn 0.000008 1.000000 -0.000006
vn 0.000008 1.000000 -0.000006
vn 0.000004 1.000000 -0.000003
vn -0.000003 1.000000 0.000002
vn -0.000007 1.000000 0.000005
vn 0.000001 1.000000 -0.000001
vn 0.000002 1.000000 -0.000002
vn -0.000002 1.000000 0.000001
vn -0.000001 1.000000 0.000001
vn 0.000000 1.000000 0.000000
vn 0.000000 1.000000 0.000000
vn -0.000001 1.000000 0.000001
vn -0.000002 1.000000 0.000002
vn -0.000002 1.000000 0.000001
vn -0.000003 1.000000 0.000002
vn -0.000004 1.000000 0.000003
vn -0.000003 1.000000 0.000002
vn 0.000002 1.000000 -0.000002
vn 0.000006 1.000000 -0.000004
vn 0.000004 1.000000 -0.000003
vn -0.000001 1.000000 0.000001
vn -0.000002 1.000000 0.000002
vn 0.000002 1.000000 -0.000001
vn 0.000001 1.000000 -0.000001
vn 0.000000 1.000000 0.000000
vn 0.000000 1.000000 0.000000
vn -0.746390 -0.000000 -0.665509
vn -0.868447 0.000000 -0.495781
vn -0.868447 0.000000 -0.495781
vn -0.746390 -0.000000 -0.665509
vn -0.952549 0.000000 -0.304387
vn -0.952549 0.000000 -0.304387
vn -0.995019 0.000000 -0.099688
vn -0.995019 0.000000 -0.099688
vn -0.994002 0.000000 0.109366
vn -0.994002 0.000000 0.109366
vn -0.949542 0.000000 0.313641
vn -0.949542 0.000000 0.313641
vn -0.863583 0.000000 0.504207
vn -0.863583 0.000000 0.504207
vn -0.739881 0.000000 0.672738
vn -0.739881 0.000000 0.672738
vn -0.583843 0.000000 0.811867
vn -0.583843 0.000000 0.811867
vn -0.402289 0.000000 0.915513
vn -0.402289 0.000000 0.915513
vn -0.203152 0.000000 0.979147
vn -0.203152 0.000000 0.979147
vn 0.004865 0.000000 0.999988
vn 0.004865 0.000000 0.999988
vn 0.212668 0.000000 0.977125
vn 0.212668 0.000000 0.977125
vn 0.411176 0.000000 0.911556
vn 0.411176 0.000000 0.911556
vn 0.591714 0.000000 0.806148
vn 0.591714 0.000000 0.806148
vn 0.746391 0.000000 0.665507
vn 0.746391 0.000000 0.665507
vn 0.868447 0.000000 0.495781
vn 0.868447 0.000000 0.495781
vn 0.952549 0.000000 0.304386
vn 0.952549 0.000000 0.304386
vn 0.995019 0.000000 0.099688
vn 0.995019 0.000000 0.099688
vn 0.994001 0.000000 -0.109367
vn 0.994001 0.000000 -0.109367
vn 0.949542 0.000000 -0.313641
vn 0.949542 0.000000 -0.313641
vn 0.863583 0.000000 -0.504207
vn 0.863583 0.000000 -0.504207
vn 0.739881 0.000000 -0.672738
vn 0.739881 0.000000 -0.672738
vn 0.583843 0.000000 -0.811867
vn 0.583843 0.000000 -0.811867
vn 0.402289 0.000000 -0.915513
vn 0.402289 0.000000 -0.915513
vn 0.203152 0.000000 -0.979147
vn 0.203152 0.000000 -0.979147
vn -0.004864 0.000000 -0.999988
vn -0.004864 0.000000 -0.999988
vn -0.212668 0.000000 -0.977124
vn -0.212668 0.000000 -0.977124
vn -0.411176 0.000000 -0.911556
vn -0.411176 0.000000 -0.911556
vn -0.591712 -0.000000 -0.806149
vn -0.591712 -0.000000 -0.806149
vn 0.000000 1.000000 -0.000000
vn 0.000000 1.000000 0.000000
vn 0.000000 1.000000 0.000000
vn 0.000001 1.000000 -0.000001
vn 0.000000 1.000000 0.000000
vn 0.000000 1.000000 0.000000
vn 0.000000 1.000000 0.000000
vn 0.000000 1.000000 0.000000
vn 0.000000 1.000000 0.000000
vn 0.000000 1.000000 0.000000
vn -0.000000 1.000000 0.000000
vn -0.000000 1.000000 0.000000
vn -0.000000 1.000000 0.000000
vn -0.000000 1.000000 0.000000
vn 0.000000 1.000000 -0.000000
vn 0.000000 1.000000 -0.000000
vn 0.000000 1.000000 -0.000000
vn 0.000000 1.000000 -0.000000
vn 0.000000 1.000000 -0.000000
vn 0.000000 1.000000 -0.000000
vn 0.000000 1.000000 -0.000000
vn -0.000000 1.000000 0.000000
vn -0.000000 1.000000 0.000000
vn -0.000000 1.000000 0.000000
vn 0.000000 1.000000 0.000000
vn 0.000000 1.000000 0.000000
vn 0.000000 1.000000 -0.000000
vn 0.000001 1.000000 -0.000001
vn 0.000001 1.000000 -0.000001
vn 0.000001 1.000000 -0.000000
vn 0.000000 1.000000 0.000000
vn 0.000000 1.000000 0.000000
vn 0.000000 1.000000 0.000000
vn 0.000000 1.000000 0.000000
vn 0.000001 1.000000 -0.000000
vn 0.000003 1.000000 -0.000002
vn 0.000004 1.000000 -0.000003
vn 0.000001 1.000000 -0.000001
vn -0.000000 1.000000 0.000000
vn -0.000003 1.000000 0.000002
vn -0.000004 1.000000 0.000003
vn -0.000001 1.000000 0.000001
vn 0.000000 1.000000 0.000000
vn 0.000000 1.000000 0.000000
vn 0.000000 1.000000 0.000000
vn 0.000000 1.000000 0.000000
vn 0.000000 1.000000 0.000000
vn 0.000000 1.000000 0.000000
vn -0.000003 1.000000 0.000002
vn -0.000001 1.000000 0.000001
vn -0.000000 1.000000 0.000000
vn -0.000002 1.000000 0.000002
vn 0.000000 1.000000 0.000000
vn 0.000000 1.000000 0.000000
vn -0.000002 1.000000 0.000001
vn -0.000001 1.000000 0.000000
vn -0.000000 1.000000 0.000000
vn -0.000002 1.000000 0.000001
vn 0.000001 1.000000 -0.000001
vn 0.000001 1.000000 -0.000000
vn 0.229109 0.951725 0.204276
vn 0.266573 0.951725 0.152177
vn 0.028403 0.999465 0.016214
vn 0.024418 0.999465 0.021764
vn 0.292385 0.951726 0.093433
vn 0.031146 0.999465 0.009961
vn 0.305422 0.951725 0.030599
vn 0.032540 0.999465 0.003263
vn 0.305114 0.951724 -0.033575
vn 0.032504 0.999465 -0.003573
vn 0.291479 0.951719 -0.096284
vn 0.031049 0.999465 -0.010254
vn 0.265076 0.951726 -0.154765
vn 0.028245 0.999465 -0.016491
vn 0.227113 0.951723 -0.206503
vn 0.024200 0.999465 -0.022004
vn 0.179235 0.951716 -0.249221
vn 0.019099 0.999465 -0.026556
vn 0.123487 0.951724 -0.281021
vn 0.013150 0.999465 -0.029937
vn 0.062351 0.951727 -0.300545
vn 0.006635 0.999465 -0.032017
vn -0.001503 0.951728 -0.306940
vn -0.000166 0.999465 -0.032700
vn -0.065286 0.951726 -0.299925
vn -0.006961 0.999465 -0.031954
vn -0.126211 0.951725 -0.279803
vn -0.013449 0.999465 -0.029811
vn -0.181620 0.951725 -0.247454
vn -0.019348 0.999465 -0.026368
vn -0.229099 0.951726 -0.204285
vn -0.024412 0.999465 -0.021765
vn -0.266568 0.951726 -0.152184
vn -0.028410 0.999465 -0.016210
vn -0.292397 0.951723 -0.093423
vn -0.031163 0.999465 -0.009949
vn -0.305438 0.951721 -0.030586
vn -0.032547 0.999465 -0.003256
vn -0.305126 0.951720 0.033582
vn -0.032509 0.999465 0.003578
vn -0.291477 0.951720 0.096280
vn -0.031068 0.999465 0.010266
vn -0.265081 0.951724 0.154769
vn -0.028253 0.999465 0.016497
vn -0.227115 0.951721 0.206507
vn -0.024193 0.999465 0.021999
vn -0.179221 0.951721 0.249211
vn -0.019089 0.999465 0.026548
vn -0.123489 0.951724 0.281020
vn -0.013158 0.999465 0.029943
vn -0.062364 0.951723 0.300555
vn -0.006647 0.999465 0.032027
vn 0.001486 0.951724 0.306953
vn 0.000158 0.999465 0.032706
vn 0.065277 0.951725 0.299930
vn 0.006953 0.999465 0.031958
vn 0.126214 0.951726 0.279801
vn 0.013449 0.999465 0.029810
vn 0.181627 0.951725 0.247448
vn 0.019355 0.999465 0.026362
vn -0.746386 -0.000000 -0.665513
vn -0.868452 0.000000 -0.495773
vn -0.868452 0.000000 -0.495773
vn -0.746386 0.000000 -0.665514
vn -0.952547 0.000000 -0.304390
vn -0.952547 0.000000 -0.304390
vn -0.995019 0.000001 -0.099686
vn -0.995019 0.000000 -0.099685
vn -0.994002 0.000001 0.109365
vn -0.994002 0.000000 0.109366
vn -0.949543 0.000000 0.313636
vn -0.949543 0.000000 0.313636
vn -0.863582 0.000001 0.504209
vn -0.863581 0.000000 0.504210
vn -0.739877 0.000001 0.672742
vn -0.739877 0.000000 0.672742
vn -0.583846 0.000000 0.811865
vn -0.583847 0.000000 0.811863
vn -0.402288 -0.000001 0.915513
vn -0.402289 0.000000 0.915513
vn -0.203150 -0.000001 0.979148
vn -0.203150 0.000000 0.979148
vn 0.004862 -0.000001 0.999988
vn 0.004861 0.000000 0.999988
vn 0.212670 -0.000001 0.977124
vn 0.212670 0.000000 0.977124
vn 0.411177 -0.000000 0.911556
vn 0.411177 0.000000 0.911556
vn 0.591714 0.000000 0.806148
vn 0.591714 0.000000 0.806148
vn 0.746390 0.000000 0.665509
vn 0.746390 0.000000 0.665509
vn 0.868446 0.000000 0.495783
vn 0.868446 0.000000 0.495783
vn 0.952550 0.000000 0.304382
vn 0.952550 0.000000 0.304383
vn 0.995019 -0.000000 0.099688
vn 0.995019 0.000000 0.099688
vn 0.994002 -0.000002 -0.109363
vn 0.994002 0.000000 -0.109362
vn 0.949542 -0.000001 -0.313639
vn 0.949542 0.000000 -0.313639
vn 0.863584 -0.000000 -0.504206
vn 0.863583 0.000000 -0.504206
vn 0.739877 -0.000001 -0.672742
vn 0.739878 0.000000 -0.672741
vn 0.583842 -0.000002 -0.811867
vn 0.583842 0.000000 -0.811867
vn 0.402291 -0.000002 -0.915512
vn 0.402290 0.000000 -0.915512
vn 0.203147 -0.000000 -0.979148
vn 0.203145 0.000000 -0.979149
vn -0.004865 -0.000000 -0.999988
vn -0.004864 0.000000 -0.999988
vn -0.212666 -0.000000 -0.977125
vn -0.212667 0.000000 -0.977125
vn -0.411184 0.000000 -0.911552
vn -0.411184 0.000000 -0.911552
vn -0.591702 0.000000 -0.806157
vn -0.591701 0.000000 -0.806157
vn 0.735431 -0.170709 0.655744
vn 0.855705 -0.170710 0.488494
vn 0.868452 0.000245 0.495774
vn 0.746387 0.000246 0.665512
vn -0.746386 -0.000000 -0.665513
vn -0.868452 0.000000 -0.495773
vn 0.938565 -0.170711 0.299922
vn 0.952548 0.000245 0.304389
vn -0.952547 0.000001 -0.304391
vn 0.980412 -0.170712 0.098232
vn 0.995019 0.000243 0.099689
vn -0.995019 0.000003 -0.099689
vn 0.979412 -0.170707 -0.107758
vn 0.994001 0.000243 -0.109366
vn -0.994002 0.000003 0.109363
vn 0.935605 -0.170702 -0.309036
vn 0.949543 0.000245 -0.313637
vn -0.949543 0.000001 0.313636
vn 0.850907 -0.170708 -0.496806
vn 0.863583 0.000244 -0.504206
vn -0.863583 0.000002 0.504206
vn 0.729017 -0.170713 -0.662866
vn 0.739878 0.000243 -0.672741
vn -0.739878 0.000003 0.672741
vn 0.575273 -0.170706 -0.799950
vn 0.583840 0.000245 -0.811868
vn -0.583842 0.000000 0.811867
vn 0.396384 -0.170701 -0.902076
vn 0.402286 0.000248 -0.915514
vn -0.402285 -0.000003 0.915514
vn 0.200159 -0.170704 -0.964778
vn 0.203146 0.000249 -0.979148
vn -0.203149 -0.000004 0.979148
vn -0.004797 -0.170705 -0.985311
vn -0.004866 0.000248 -0.999988
vn 0.004866 -0.000003 0.999988
vn -0.209545 -0.170705 -0.962783
vn -0.212667 0.000247 -0.977125
vn 0.212671 -0.000002 0.977124
vn -0.405142 -0.170707 -0.898175
vn -0.411176 0.000246 -0.911556
vn 0.411177 -0.000000 0.911556
vn -0.583027 -0.170708 -0.794316
vn -0.591714 0.000245 -0.806148
vn 0.591714 0.000000 0.806148
vn -0.735434 -0.170709 -0.655740
vn -0.746390 0.000245 -0.665509
vn 0.746389 0.000000 0.665509
vn -0.855696 -0.170710 -0.488510
vn -0.868445 0.000245 -0.495785
vn 0.868447 0.000001 0.495783
vn -0.938568 -0.170710 -0.299913
vn -0.952549 0.000244 -0.304384
vn 0.952550 0.000001 0.304381
vn -0.980415 -0.170705 -0.098220
vn -0.995019 0.000247 -0.099686
vn 0.995019 -0.000001 0.099687
vn -0.979413 -0.170703 0.107751
vn -0.994002 0.000251 0.109360
vn 0.994002 -0.000005 -0.109364
vn -0.935605 -0.170708 0.309033
vn -0.949544 0.000250 0.313633
vn 0.949543 -0.000004 -0.313638
vn -0.850906 -0.170708 0.496807
vn -0.863583 0.000247 0.504207
vn 0.863584 -0.000001 -0.504205
vn -0.729021 -0.170703 0.662864
vn -0.739877 0.000250 0.672742
vn 0.739875 -0.000003 -0.672744
vn -0.575274 -0.170702 0.799951
vn -0.583841 0.000253 0.811868
vn 0.583841 -0.000007 -0.811868
vn -0.396384 -0.170706 0.902075
vn -0.402289 0.000251 0.915513
vn 0.402293 -0.000005 -0.915511
vn -0.200161 -0.170709 0.964777
vn -0.203143 0.000247 0.979149
vn 0.203149 -0.000001 -0.979148
vn 0.004795 -0.170709 0.985310
vn 0.004868 0.000246 0.999988
vn -0.004865 -0.000001 -0.999988
vn 0.209550 -0.170709 0.962781
vn 0.212666 0.000245 0.977125
vn -0.212665 -0.000000 -0.977125
vn 0.405152 -0.170709 0.898171
vn 0.411183 0.000244 0.911553
vn -0.411182 0.000001 -0.911553
vn 0.583019 -0.170708 0.794322
vn 0.591704 0.000245 0.806155
vn -0.591701 0.000000 -0.806157
vn 0.170240 0.956548 -0.236715
vn 0.215731 0.956548 -0.196154
vn 0.251769 0.956559 -0.146995
vn 0.276830 0.956559 -0.091432
vn 0.289817 0.956550 -0.031898
vn 0.290107 0.956553 0.029056
vn 0.277712 0.956556 0.088747
vn 0.253178 0.956558 0.144559
vn 0.217599 0.956556 0.194038
vn 0.172514 0.956556 0.235033
vn 0.119874 0.956555 0.265767
vn 0.062000 0.956555 0.284884
vn 0.001416 0.956555 0.291549
vn -0.059240 0.956552 0.285479
vn -0.117306 0.956549 0.266932
vn -0.170240 0.956548 0.236717
vn -0.215717 0.956553 0.196143
vn -0.251776 0.956556 0.146999
vn -0.276869 0.956545 0.091463
vn -0.289818 0.956550 0.031900
vn -0.290106 0.956553 -0.029058
vn -0.277731 0.956552 -0.088734
vn -0.253199 0.956555 -0.144543
vn -0.217604 0.956556 -0.194035
vn -0.172507 0.956555 -0.235038
vn -0.119878 0.956555 -0.265765
vn -0.062006 0.956556 -0.284879
vn -0.001413 0.956554 -0.291551
vn 0.059232 0.956554 -0.285474
vn 0.117292 0.956555 -0.266919
vn -0.579677 0.119208 0.806080
vn -0.734599 0.119206 0.667948
vn -0.857426 0.119203 0.500611
vn -0.942774 0.119205 0.311394
vn -0.986915 0.119204 0.108582
vn -0.987925 0.119200 -0.098976
vn -0.945757 0.119198 -0.302216
vn -0.862254 0.119199 -0.492250
vn -0.741068 0.119199 -0.660765
vn -0.587496 0.119198 -0.800400
vn -0.408243 0.119198 -0.905058
vn -0.211151 0.119199 -0.970158
vn -0.004830 0.119201 -0.992858
vn 0.201702 0.119200 -0.972167
vn 0.399417 0.119198 -0.908988
vn 0.579676 0.119198 -0.806081
vn 0.734604 0.119195 -0.667944
vn 0.857427 0.119196 -0.500611
vn 0.942774 0.119196 -0.311399
vn 0.986915 0.119193 -0.108590
vn 0.987925 0.119195 0.098974
vn 0.945757 0.119199 0.302218
vn 0.862259 0.119200 0.492241
vn 0.741065 0.119200 0.660768
vn 0.587484 0.119198 0.800409
vn 0.408248 0.119198 0.905056
vn 0.211146 0.119199 0.970159
vn 0.004835 0.119200 0.992858
vn -0.201693 0.119203 0.972168
vn -0.399420 0.119206 0.908985

g barrel
f 481/62/1 482/63/2 650/64/3 651/65/4
f 482/63/2 485/66/5 649/67/6 650/64/3
f 485/66/5 487/68/7 648/69/8 649/67/6
f 487/68/7 489/70/9 647/71/10 648/69/8
f 489/70/9 491/72/11 646/73/12 647/71/10
f 491/72/11 493/997/13 645/74/14 646/73/12
f 493/997/13 495/996/15 644/995/16 645/74/14
f 495/75/15 497/77/17 643/78/18 644/76/16
f 497/77/17 499/79/19 642/80/20 643/78/18
f 499/79/19 501/81/21 641/82/22 642/80/20
f 501/81/21 503/83/23 640/84/24 641/82/22
f 503/83/23 505/85/25 639/86/26 640/84/24
f 505/85/25 507/87/27 638/88/28 639/86/26
f 507/87/27 509/89/29 637/90/30 638/88/28
f 509/89/29 511/91/31 636/92/32 637/90/30
f 511/91/31 513/93/33 635/94/34 636/92/32
f 513/93/33 515/95/35 634/96/36 635/94/34
f 515/95/35 517/97/37 633/98/38 634/96/36
f 517/97/37 519/99/39 632/100/40 633/98/38
f 519/99/39 521/101/41 631/102/42 632/100/40
f 521/101/41 523/103/43 660/104/44 631/102/42
f 523/103/43 525/105/45 659/106/46 660/104/44
f 525/105/45 527/107/47 658/108/48 659/106/46
f 527/107/47 529/109/49 657/110/50 658/108/48
f 529/109/49 531/111/51 656/112/52 657/110/50
f 531/111/51 533/113/53 655/114/54 656/112/52
f 533/113/53 535/115/55 654/116/56 655/114/54
f 535/115/55 537/117/57 653/118/58 654/116/56
f 537/117/57 539/119/59 652/120/60 653/118/58
f 539/119/59 481/62/1 651/65/4 652/120/60
f 31/121/61 32/122/62 232/123/63 233/124/64
f 32/122/62 33/125/65 231/126/66 232/123/63
f 33/125/65 34/127/67 230/128/68 231/126/66
f 34/127/67 35/129/69 229/130/70 230/128/68
f 35/129/69 36/131/71 228/132/72 229/130/70
f 36/131/71 37/976/73 227/133/74 228/132/72
f 37/976/73 38/994/75 226/982/76 227/133/74
f 38/134/75 39/136/77 225/137/78 226/135/76
f 39/136/77 40/138/79 224/139/80 225/137/78
f 40/138/79 41/140/81 223/141/82 224/139/80
f 41/140/81 42/142/83 222/143/84 223/141/82
f 42/142/83 43/144/85 221/145/86 222/143/84
f 43/144/85 44/146/87 220/147/88 221/145/86
f 44/146/87 45/148/89 219/149/90 220/147/88
f 45/148/89 46/150/91 218/151/92 219/149/90
f 46/150/91 47/152/93 217/153/94 218/151/92
f 47/152/93 48/154/95 216/155/96 217/153/94
f 48/154/95 49/156/97 215/157/98 216/155/96
f 49/156/97 50/158/99 214/159/100 215/157/98
f 50/158/99 51/160/101 213/161/102 214/159/100
f 51/160/101 52/162/103 212/163/104 213/161/102
f 52/162/103 53/164/105 211/165/106 212/163/104
f 53/164/105 54/166/107 240/167/108 211/165/106
f 54/166/107 55/168/109 239/169/110 240/167/108
f 55/168/109 56/170/111 238/171/112 239/169/110
f 56/170/111 57/172/113 237/173/114 238/171/112
f 57/172/113 58/174/115 236/175/116 237/173/114
f 58/174/115 59/176/117 235/177/118 236/175/116
f 59/176/117 60/178/119 234/179/120 235/177/118
f 60/178/119 31/121/61 233/124/64 234/179/120
f 61/180/121 62/181/122 202/182/123 203/183/124
f 62/181/122 63/245/125 201/246/126 202/182/123
f 63/245/125 64/247/127 200/248/128 201/246/126
f 64/247/127 65/249/129 199/250/130 200/248/128
f 65/249/129 66/251/131 198/252/132 199/250/130
f 66/251/131 67/980/133 197/253/134 198/252/132
f 67/980/133 68/993/135 196/986/136 197/253/134
f 68/254/135 69/256/137 195/257/138 196/255/136
f 69/256/137 70/258/139 194/259/140 195/257/138
f 70/258/139 71/260/141 193/261/142 194/259/140
f 71/260/141 72/262/143 192/263/144 193/261/142
f 72/262/143 73/264/145 191/265/146 192/263/144
f 73/264/145 74/266/147 190/267/148 191/265/146
f 74/266/147 75/268/149 189/269/150 190/267/148
f 75/268/149 76/270/151 188/271/152 189/269/150
f 76/270/151 77/272/153 187/273/154 188/271/152
f 77/272/153 78/274/155 186/275/156 187/273/154
f 78/274/155 79/276/157 185/277/158 186/275/156
f 79/276/157 80/278/159 184/279/160 185/277/158
f 80/278/159 81/280/161 183/281/162 184/279/160
f 81/280/161 82/282/163 182/283/164 183/281/162
f 82/282/163 83/284/165 181/285/166 182/283/164
f 83/284/165 84/286/167 210/287/168 181/285/166
f 84/286/167 85/288/169 209/289/170 210/287/168
f 85/288/169 86/290/171 208/291/172 209/289/170
f 86/290/171 87/292/173 207/293/174 208/291/172
f 87/292/173 88/294/175 206/295/176 207/293/174
f 88/294/175 89/296/177 205/297/178 206/295/176
f 89/296/177 90/298/179 204/299/180 205/297/178
f 90/298/179 61/180/121 203/183/124 204/299/180
f 91/300/181 92/301/182 122/302/183 121/303/184
f 92/301/182 93/304/185 123/305/186 122/302/183
f 93/304/185 94/306/187 124/307/188 123/305/186
f 94/306/187 95/308/189 125/309/190 124/307/188
f 95/308/189 96/310/191 126/311/192 125/309/190
f 96/310/191 97/984/193 127/312/194 126/311/192
f 97/984/193 98/992/195 128/974/196 127/312/194
f 98/313/195 99/315/197 129/316/198 128/314/196
f 99/315/197 100/317/199 130/318/200 129/316/198
f 100/317/199 101/319/201 131/320/202 130/318/200
f 101/319/201 102/321/203 132/322/204 131/320/202
f 102/321/203 103/323/205 133/324/206 132/322/204
f 103/323/205 104/325/207 134/326/208 133/324/206
f 104/325/207 105/327/209 135/328/210 134/326/208
f 105/327/209 106/329/211 136/330/212 135/328/210
f 106/329/211 107/331/213 137/332/214 136/330/212
f 107/331/213 108/333/215 138/334/216 137/332/214
f 108/333/215 109/335/217 139/336/218 138/334/216
f 109/335/217 110/337/219 140/338/220 139/336/218
f 110/337/219 111/339/221 141/340/222 140/338/220
f 111/339/221 112/341/223 142/342/224 141/340/222
f 112/341/223 113/343/225 143/344/226 142/342/224
f 113/343/225 114/345/227 144/346/228 143/344/226
f 114/345/227 115/347/229 145/348/230 144/346/228
f 115/347/229 116/349/231 146/350/232 145/348/230
f 116/349/231 117/351/233 147/352/234 146/350/232
f 117/351/233 118/353/235 148/354/236 147/352/234
f 118/353/235 119/355/237 149/356/238 148/354/236
f 119/355/237 120/357/239 150/358/240 149/356/238
f 120/357/239 91/300/181 121/303/184 150/358/240
f 541/359/241 542/360/242 613/361/243 614/362/244
f 542/360/242 545/363/245 612/364/246 613/361/243
f 545/363/245 547/365/247 611/366/248 612/364/246
f 547/365/247 549/367/249 610/368/250 611/366/248
f 549/367/249 551/369/251 609/370/252 610/368/250
f 551/369/251 553/991/253 608/371/254 609/370/252
f 553/991/253 555/990/255 607/989/256 608/371/254
f 555/372/255 557/374/257 606/375/258 607/373/256
f 557/374/257 559/376/259 605/377/260 606/375/258
f 559/376/259 561/378/261 604/379/262 605/377/260
f 561/378/261 563/380/263 603/381/264 604/379/262
f 563/380/263 565/382/265 602/383/266 603/381/264
f 565/382/265 567/384/267 601/385/268 602/383/266
f 567/384/267 569/386/269 630/387/270 601/385/268
f 569/386/269 571/388/271 629/389/272 630/387/270
f 571/388/271 573/390/273 628/391/274 629/389/272
f 573/390/273 575/392/275 627/393/276 628/391/274
f 575/392/275 577/394/277 626/395/278 627/393/276
f 577/394/277 579/396/279 625/397/280 626/395/278
f 579/396/279 581/398/281 624/399/282 625/397/280
f 581/398/281 583/400/283 623/401/284 624/399/282
f 583/400/283 585/402/285 622/403/286 623/401/284
f 585/402/285 587/404/287 621/405/288 622/403/286
f 587/404/287 589/406/289 620/407/290 621/405/288
f 589/406/289 591/408/291 619/409/292 620/407/290
f 591/408/291 593/410/293 618/411/294 619/409/292
f 593/410/293 595/412/295 617/413/296 618/411/294
f 595/412/295 597/414/297 616/415/298 617/413/296
f 597/414/297 599/416/299 615/417/300 616/415/298
f 599/416/299 541/359/241 614/362/244 615/417/300
f 452/1/301 451/2/302 453/3/303 454/4/304 455/5/305 456/6/306 457/7/307 458/8/308 459/9/309 460/10/310 461/11/311 462/12/312 463/13/313 464/14/314 465/15/315 466/16/316 467/17/317 468/18/318 469/19/319 470/20/320 471/21/321 472/22/322 473/23/323 474/24/324 475/25/325 476/26/326 477/27/327 478/28/328 479/29/329 480/30/330
f 781/184/331 782/185/332 783/186/333 784/187/334 785/188/335 786/189/336 787/190/337 788/191/338 789/192/339 790/193/340 791/194/341 792/195/342 793/196/343 794/197/344 795/198/345 796/199/346 797/200/347 798/201/348 799/202/349 800/203/350 801/204/351 802/205/352 803/206/353 804/207/354 805/208/355 806/209/356 807/210/357 808/211/358 809/212/359 810/213/360
f 242/418/361 241/419/362 390/420/363 361/421/364
f 245/422/365 242/418/361 361/421/364 362/423/366
f 247/424/367 245/422/365 362/423/366 363/425/368
f 249/426/369 247/424/367 363/425/368 364/427/370
f 251/428/371 249/426/369 364/427/370 365/429/372
f 253/430/373 251/428/371 365/429/372 366/431/374
f 255/432/375 253/430/373 366/431/374 367/433/376
f 257/434/377 255/432/375 367/433/376 368/435/378
f 259/436/379 257/434/377 368/435/378 369/437/380
f 261/438/381 259/436/379 369/437/380 370/439/382
f 263/440/383 261/438/381 370/439/382 371/441/384
f 265/442/385 263/440/383 371/441/384 372/443/386
f 267/444/387 265/442/385 372/443/386 373/445/388
f 269/446/389 267/444/387 373/445/388 374/447/390
f 271/448/391 269/446/389 374/447/390 375/449/392
f 273/450/393 271/985/391 375/988/392 376/451/394
f 275/452/395 273/450/393 376/451/394 377/453/396
f 277/454/397 275/452/395 377/453/396 378/455/398
f 279/456/399 277/454/397 378/455/398 379/457/400
f 281/458/401 279/456/399 379/457/400 380/459/402
f 283/460/403 281/458/401 380/459/402 381/461/404
f 285/462/405 283/460/403 381/461/404 382/463/406
f 287/464/407 285/462/405 382/463/406 383/465/408
f 289/466/409 287/464/407 383/465/408 384/467/410
f 291/468/411 289/466/409 384/467/410 385/469/412
f 293/470/413 291/468/411 385/469/412 386/471/414
f 295/472/415 293/470/413 386/471/414 387/473/416
f 297/474/417 295/472/415 387/473/416 388/475/418
f 299/476/419 297/474/417 388/475/418 389/477/420
f 241/419/362 299/476/419 389/477/420 390/420/363
f 302/478/421 301/479/422 420/480/423 391/481/424
f 305/482/425 302/478/421 391/481/424 392/483/426
f 307/484/427 305/482/425 392/483/426 393/485/428
f 309/486/429 307/484/427 393/485/428 394/487/430
f 311/488/431 309/486/429 394/487/430 395/489/432
f 313/552/433 311/488/431 395/489/432 396/553/434
f 315/555/435 313/552/433 396/553/434 397/557/436
f 317/559/437 315/555/435 397/557/436 398/561/438
f 319/563/439 317/559/437 398/561/438 399/565/440
f 321/567/441 319/563/439 399/565/440 400/569/442
f 323/571/443 321/567/441 400/569/442 401/573/444
f 325/575/445 323/571/443 401/573/444 402/577/446
f 327/579/447 325/575/445 402/577/446 403/581/448
f 329/583/449 327/579/447 403/581/448 404/585/450
f 331/587/451 329/583/449 404/585/450 405/589/452
f 333/591/453 331/981/451 405/987/452 406/593/454
f 335/595/455 333/591/453 406/593/454 407/597/456
f 337/599/457 335/595/455 407/597/456 408/601/458
f 339/603/459 337/599/457 408/601/458 409/605/460
f 341/607/461 339/603/459 409/605/460 410/609/462
f 343/611/463 341/607/461 410/609/462 411/612/464
f 345/613/465 343/611/463 411/612/464 412/616/466
f 347/618/467 345/613/465 412/616/466 413/620/468
f 349/622/469 347/618/467 413/620/468 414/624/470
f 351/626/471 349/622/469 414/624/470 415/628/472
f 353/630/473 351/626/471 415/628/472 416/632/474
f 355/634/475 353/630/473 416/632/474 417/636/476
f 357/638/477 355/634/475 417/636/476 418/640/478
f 359/642/479 357/638/477 418/640/478 419/644/480
f 301/479/422 359/642/479 419/644/480 420/480/423
f 182/283/481 181/285/482 241/419/483 242/418/484
f 113/343/485 112/341/486 244/646/487 243/648/488
f 183/281/489 182/283/481 242/418/484 245/422/490
f 112/341/486 111/339/491 246/650/492 244/646/487
f 184/279/493 183/281/489 245/422/490 247/424/494
f 111/339/491 110/337/495 248/652/496 246/650/492
f 185/277/497 184/279/493 247/424/494 249/426/498
f 110/337/495 109/335/499 250/654/500 248/652/496
f 186/275/501 185/277/497 249/426/498 251/428/502
f 109/335/499 108/333/503 252/656/504 250/654/500
f 187/273/505 186/275/501 251/428/502 253/430/506
f 108/333/503 107/331/507 254/658/508 252/656/504
f 188/271/509 187/273/505 253/430/506 255/432/510
f 107/331/507 106/329/511 256/660/512 254/658/508
f 189/269/513 188/271/509 255/432/510 257/434/514
f 106/329/511 105/327/515 258/662/516 256/660/512
f 190/267/517 189/269/513 257/434/514 259/436/518
f 105/327/515 104/325/519 260/664/520 258/662/516
f 191/265/521 190/267/517 259/436/518 261/438/522
f 104/325/519 103/323/523 262/666/524 260/664/520
f 192/263/525 191/265/521 261/438/522 263/440/526
f 103/323/523 102/321/527 264/668/528 262/666/524
f 193/261/529 192/263/525 263/440/526 265/442/530
f 102/321/527 101/319/531 266/670/532 264/668/528
f 194/259/533 193/261/529 265/442/530 267/444/534
f 101/319/531 100/317/535 268/672/536 266/670/532
f 195/257/537 194/259/533 267/444/534 269/446/538
f 100/317/535 99/315/539 270/674/540 268/672/536
f 196/255/541 195/257/537 269/446/538 271/448/542
f 99/315/539 98/313/543 272/675/544 270/674/540
f 197/253/545 196/986/541 271/985/542 273/450/546
f 98/992/543 97/984/547 274/978/548 272/983/544
f 198/252/549 197/253/545 273/450/546 275/452/550
f 97/984/547 96/310/551 276/676/552 274/978/548
f 199/250/553 198/252/549 275/452/550 277/454/554
f 96/310/551 95/308/555 278/677/556 276/676/552
f 200/248/557 199/250/553 277/454/554 279/456/558
f 95/308/555 94/306/559 280/678/560 278/677/556
f 201/246/561 200/248/557 279/456/558 281/458/562
f 94/306/559 93/304/563 282/679/564 280/678/560
f 202/182/565 201/246/561 281/458/562 283/460/566
f 93/304/563 92/301/567 284/680/568 282/679/564
f 203/183/569 202/182/565 283/460/566 285/462/570
f 92/301/567 91/300/571 286/681/572 284/680/568
f 204/299/573 203/183/569 285/462/570 287/464/574
f 91/300/571 120/357/575 288/682/576 286/681/572
f 205/297/577 204/299/573 287/464/574 289/466/578
f 120/357/575 119/355/579 290/683/580 288/682/576
f 206/295/581 205/297/577 289/466/578 291/468/582
f 119/355/579 118/353/583 292/684/584 290/683/580
f 207/293/585 206/295/581 291/468/582 293/470/586
f 118/353/583 117/351/587 294/685/588 292/684/584
f 208/291/589 207/293/585 293/470/586 295/472/590
f 117/351/587 116/349/591 296/686/592 294/685/588
f 209/289/593 208/291/589 295/472/590 297/474/594
f 116/349/591 115/347/595 298/687/596 296/686/592
f 210/287/597 209/289/593 297/474/594 299/476/598
f 115/347/595 114/345/599 300/688/600 298/687/596
f 181/285/482 210/287/597 299/476/598 241/419/483
f 114/345/599 113/343/485 243/648/488 300/688/600
f 212/163/601 211/165/602 301/479/603 302/478/604
f 83/284/605 82/282/606 304/689/607 303/690/608
f 213/161/609 212/163/601 302/478/604 305/482/610
f 82/282/606 81/280/611 306/691/612 304/689/607
f 214/159/613 213/161/609 305/482/610 307/484/614
f 81/280/611 80/278/615 308/692/616 306/691/612
f 215/157/617 214/159/613 307/484/614 309/486/618
f 80/278/615 79/276/619 310/693/620 308/692/616
f 216/155/621 215/157/617 309/486/618 311/488/622
f 79/276/619 78/274/623 312/694/624 310/693/620
f 217/153/625 216/155/621 311/488/622 313/552/626
f 78/274/623 77/272/627 314/695/628 312/694/624
f 218/151/629 217/153/625 313/552/626 315/555/630
f 77/272/627 76/270/631 316/696/632 314/695/628
f 219/149/633 218/151/629 315/555/630 317/559/634
f 76/270/631 75/268/635 318/697/636 316/696/632
f 220/147/637 219/149/633 317/559/634 319/563/638
f 75/268/635 74/266/639 320/698/640 318/697/636
f 221/145/641 220/147/637 319/563/638 321/567/642
f 74/266/639 73/264/643 322/699/644 320/698/640
f 222/143/645 221/145/641 321/567/642 323/571/646
f 73/264/643 72/262/647 324/700/648 322/699/644
f 223/141/649 222/143/645 323/571/646 325/575/650
f 72/262/647 71/260/651 326/701/652 324/700/648
f 224/139/653 223/141/649 325/575/650 327/579/654
f 71/260/651 70/258/655 328/702/656 326/701/652
f 225/137/657 224/139/653 327/579/654 329/583/658
f 70/258/655 69/256/659 330/703/660 328/702/656
f 226/135/661 225/137/657 329/583/658 331/587/662
f 69/256/659 68/254/663 332/704/664 330/703/660
f 227/133/665 226/982/661 331/981/662 333/591/666
f 68/993/663 67/980/667 334/977/668 332/979/664
f 228/132/669 227/133/665 333/591/666 335/595/670
f 67/980/667 66/251/671 336/705/672 334/977/668
f 229/130/673 228/132/669 335/595/670 337/599/674
f 66/251/671 65/249/675 338/706/676 336/705/672
f 230/128/677 229/130/673 337/599/674 339/603/678
f 65/249/675 64/247/679 340/707/680 338/706/676
f 231/126/681 230/128/677 339/603/678 341/607/682
f 64/247/679 63/245/683 342/708/684 340/707/680
f 232/123/685 231/126/681 341/607/682 343/611/686
f 63/245/683 62/181/687 344/709/688 342/708/684
f 233/124/689 232/123/685 343/611/686 345/613/690
f 62/181/687 61/180/691 346/710/692 344/709/688
f 234/179/693 233/124/689 345/613/690 347/618/694
f 61/180/691 90/298/695 348/711/696 346/710/692
f 235/177/697 234/179/693 347/618/694 349/622/698
f 90/298/695 89/296/699 350/712/700 348/711/696
f 236/175/701 235/177/697 349/622/698 351/626/702
f 89/296/699 88/294/703 352/713/704 350/712/700
f 237/173/705 236/175/701 351/626/702 353/630/706
f 88/294/703 87/292/707 354/714/708 352/713/704
f 238/171/709 237/173/705 353/630/706 355/634/710
f 87/292/707 86/290/711 356/715/712 354/714/708
f 239/169/713 238/171/709 355/634/710 357/638/714
f 86/290/711 85/288/715 358/716/716 356/715/712
f 240/167/717 239/169/713 357/638/714 359/642/718
f 85/288/715 84/286/719 360/717/720 358/716/716
f 211/165/602 240/167/717 359/642/718 301/479/603
f 84/286/719 83/284/605 303/690/608 360/717/720
f 362/423/366 361/421/364 244/646/721 246/650/722
f 363/425/368 362/423/366 246/650/722 248/652/723
f 364/427/370 363/425/368 248/652/723 250/654/724
f 365/429/372 364/427/370 250/654/724 252/656/725
f 366/431/374 365/429/372 252/656/725 254/658/726
f 367/433/376 366/431/374 254/658/726 256/660/727
f 368/435/378 367/433/376 256/660/727 258/662/728
f 369/437/380 368/435/378 258/662/728 260/664/729
f 370/439/382 369/437/380 260/664/729 262/666/730
f 371/441/384 370/439/382 262/666/730 264/668/731
f 372/443/386 371/441/384 264/668/731 266/670/732
f 373/445/388 372/443/386 266/670/732 268/672/733
f 374/447/390 373/445/388 268/672/733 270/674/734
f 375/449/392 374/447/390 270/674/734 272/675/735
f 376/451/394 375/988/392 272/983/735 274/978/736
f 377/453/396 376/451/394 274/978/736 276/676/737
f 378/455/398 377/453/396 276/676/737 278/677/738
f 379/457/400 378/455/398 278/677/738 280/678/739
f 380/459/402 379/457/400 280/678/739 282/679/740
f 381/461/404 380/459/402 282/679/740 284/680/741
f 382/463/406 381/461/404 284/680/741 286/681/742
f 383/465/408 382/463/406 286/681/742 288/682/743
f 384/467/410 383/465/408 288/682/743 290/683/744
f 385/469/412 384/467/410 290/683/744 292/684/745
f 386/471/414 385/469/412 292/684/745 294/685/746
f 387/473/416 386/471/414 294/685/746 296/686/747
f 388/475/418 387/473/416 296/686/747 298/687/748
f 389/477/420 388/475/418 298/687/748 300/688/749
f 390/420/363 389/477/420 300/688/749 243/648/750
f 361/421/364 390/420/363 243/648/750 244/646/721
f 392/483/426 391/481/424 304/689/751 306/691/752
f 393/485/428 392/483/426 306/691/752 308/692/753
f 394/487/430 393/485/428 308/692/753 310/693/754
f 395/489/432 394/487/430 310/693/754 312/694/755
f 396/553/434 395/489/432 312/694/755 314/695/756
f 397/557/436 396/553/434 314/695/756 316/696/757
f 398/561/438 397/557/436 316/696/757 318/697/758
f 399/565/440 398/561/438 318/697/758 320/698/759
f 400/569/442 399/565/440 320/698/759 322/699/760
f 401/573/444 400/569/442 322/699/760 324/700/761
f 402/577/446 401/573/444 324/700/761 326/701/762
f 403/581/448 402/577/446 326/701/762 328/702/763
f 404/585/450 403/581/448 328/702/763 330/703/764
f 405/589/452 404/585/450 330/703/764 332/704/765
f 406/593/454 405/987/452 332/979/765 334/977/766
f 407/597/456 406/593/454 334/977/766 336/705/767
f 408/601/458 407/597/456 336/705/767 338/706/768
f 409/605/460 408/601/458 338/706/768 340/707/769
f 410/609/462 409/605/460 340/707/769 342/708/770
f 411/612/464 410/609/462 342/708/770 344/709/771
f 412/616/466 411/612/464 344/709/771 346/710/772
f 413/620/468 412/616/466 346/710/772 348/711/773
f 414/624/470 413/620/468 348/711/773 350/712/774
f 415/628/472 414/624/470 350/712/774 352/713/775
f 416/632/474 415/628/472 352/713/775 354/714/776
f 417/636/476 416/632/474 354/714/776 356/715/777
f 418/640/478 417/636/476 356/715/777 358/716/778
f 419/644/480 418/640/478 358/716/778 360/717/779
f 420/480/423 419/644/480 360/717/779 303/690/780
f 391/481/424 420/480/423 303/690/780 304/689/751
f 1/31/781 30/32/782 421/33/783 422/34/784
f 30/32/782 29/35/785 423/36/786 421/33/783
f 29/35/785 28/37/787 424/38/788 423/36/786
f 28/37/787 27/39/789 425/40/790 424/38/788
f 27/39/789 26/41/791 426/42/792 425/40/790
f 26/41/791 25/43/793 427/44/794 426/42/792
f 25/43/793 24/45/795 428/46/796 427/44/794
f 24/45/795 23/47/797 429/48/798 428/46/796
f 23/47/797 22/49/799 430/50/800 429/48/798
f 22/49/799 21/51/801 431/52/802 430/50/800
f 21/51/801 20/53/803 432/54/804 431/52/802
f 20/53/803 19/55/805 433/56/806 432/54/804
f 19/55/805 18/57/807 434/58/808 433/56/806
f 18/57/807 17/59/809 435/60/810 434/58/808
f 17/59/809 16/61/811 436/490/812 435/60/810
f 16/61/811 15/491/813 437/492/814 436/490/812
f 15/491/813 14/493/815 438/494/816 437/492/814
f 14/493/815 13/495/817 439/496/818 438/494/816
f 13/495/817 12/497/819 440/498/820 439/496/818
f 12/497/819 11/499/821 441/500/822 440/498/820
f 11/499/821 10/501/823 442/502/824 441/500/822
f 10/501/823 9/503/825 443/504/826 442/502/824
f 9/503/825 8/505/827 444/506/828 443/504/826
f 8/505/827 7/507/829 445/508/830 444/506/828
f 7/507/829 6/509/831 446/510/832 445/508/830
f 6/509/831 5/511/833 447/512/834 446/510/832
f 5/511/833 4/513/835 448/514/836 447/512/834
f 4/513/835 3/515/837 449/516/838 448/514/836
f 3/515/837 2/517/839 450/518/840 449/516/838
f 2/517/839 1/31/781 422/34/784 450/518/840
f 422/34/841 421/33/842 451/2/843 452/1/844
f 421/33/842 423/36/845 453/3/846 451/2/843
f 423/36/845 424/38/847 454/4/848 453/3/846
f 424/38/847 425/40/849 455/5/850 454/4/848
f 425/40/849 426/42/851 456/6/852 455/5/850
f 426/42/851 427/44/853 457/7/854 456/6/852
f 427/44/853 428/46/855 458/8/856 457/7/854
f 428/46/855 429/48/857 459/9/858 458/8/856
f 429/48/857 430/50/859 460/10/860 459/9/858
f 430/50/859 431/52/861 461/11/862 460/10/860
f 431/52/861 432/54/863 462/12/864 461/11/862
f 432/54/863 433/56/865 463/13/866 462/12/864
f 433/56/865 434/58/867 464/14/868 463/13/866
f 434/58/867 435/60/869 465/15/870 464/14/868
f 435/60/869 436/490/871 466/16/872 465/15/870
f 436/490/871 437/492/873 467/17/874 466/16/872
f 437/492/873 438/494/875 468/18/876 467/17/874
f 438/494/875 439/496/877 469/19/878 468/18/876
f 439/496/877 440/498/879 470/20/880 469/19/878
f 440/498/879 441/500/881 471/21/882 470/20/880
f 441/500/881 442/502/883 472/22/884 471/21/882
f 442/502/883 443/504/885 473/23/886 472/22/884
f 443/504/885 444/506/887 474/24/888 473/23/886
f 444/506/887 445/508/889 475/25/890 474/24/888
f 445/508/889 446/510/891 476/26/892 475/25/890
f 446/510/891 447/512/893 477/27/894 476/26/892
f 447/512/893 448/514/895 478/28/896 477/27/894
f 448/514/895 449/516/897 479/29/898 478/28/896
f 449/516/897 450/518/899 480/30/900 479/29/898
f 450/518/899 422/34/841 452/1/844 480/30/900
f 1/31/781 2/517/839 482/519/901 481/520/902
f 32/122/903 31/121/904 484/718/905 483/719/906
f 2/517/839 3/515/837 485/521/907 482/519/901
f 33/125/908 32/122/903 483/719/906 486/720/909
f 3/515/837 4/513/835 487/522/910 485/521/907
f 34/127/911 33/125/908 486/720/909 488/721/912
f 4/513/835 5/511/833 489/523/913 487/522/910
f 35/129/914 34/127/911 488/721/912 490/722/915
f 5/511/833 6/509/831 491/524/916 489/523/913
f 36/131/917 35/129/914 490/722/915 492/723/918
f 6/509/831 7/507/829 493/525/919 491/524/916
f 37/976/920 36/131/917 492/723/918 494/971/921
f 7/507/829 8/505/827 495/526/922 493/525/919
f 38/994/923 37/976/920 494/971/921 496/975/924
f 8/505/827 9/503/825 497/527/925 495/526/922
f 39/136/926 38/134/923 496/724/924 498/725/927
f 9/503/825 10/501/823 499/528/928 497/527/925
f 40/138/929 39/136/926 498/725/927 500/726/930
f 10/501/823 11/499/821 501/529/931 499/528/928
f 41/140/932 40/138/929 500/726/930 502/727/933
f 11/499/821 12/497/819 503/530/934 501/529/931
f 42/142/935 41/140/932 502/727/933 504/728/936
f 12/497/819 13/495/817 505/531/937 503/530/934
f 43/144/938 42/142/935 504/728/936 506/729/939
f 13/495/817 14/493/815 507/532/940 505/531/937
f 44/146/941 43/144/938 506/729/939 508/730/942
f 14/493/815 15/491/813 509/533/943 507/532/940
f 45/148/944 44/146/941 508/730/942 510/731/945
f 15/491/813 16/61/811 511/534/946 509/533/943
f 46/150/947 45/148/944 510/731/945 512/732/948
f 16/61/811 17/59/809 513/535/949 511/534/946
f 47/152/950 46/150/947 512/732/948 514/1003/951
f 17/59/809 18/57/807 515/536/952 513/535/949
f 48/154/953 47/152/950 514/1003/951 516/1004/954
f 18/57/807 19/55/805 517/537/955 515/536/952
f 49/156/956 48/154/953 516/1004/954 518/1005/957
f 19/55/805 20/53/803 519/538/958 517/537/955
f 50/158/959 49/156/956 518/1005/957 520/1006/960
f 20/53/803 21/51/801 521/539/961 519/538/958
f 51/160/962 50/158/959 520/1006/960 522/1007/963
f 21/51/801 22/49/799 523/540/964 521/539/961
f 52/162/965 51/160/962 522/1007/963 524/1008/966
f 22/49/799 23/47/797 525/541/967 523/540/964
f 53/164/968 52/162/965 524/1008/966 526/610/969
f 23/47/797 24/45/795 527/542/970 525/541/967
f 54/166/971 53/164/968 526/610/969 528/608/972
f 24/45/795 25/43/793 529/543/973 527/542/970
f 55/168/974 54/166/971 528/608/972 530/606/975
f 25/43/793 26/41/791 531/544/976 529/543/973
f 56/170/977 55/168/974 530/606/975 532/604/978
f 26/41/791 27/39/789 533/545/979 531/544/976
f 57/172/980 56/170/977 532/604/978 534/602/981
f 27/39/789 28/37/787 535/546/982 533/545/979
f 58/174/983 57/172/980 534/602/981 536/600/984
f 28/37/787 29/35/785 537/547/985 535/546/982
f 59/176/986 58/174/983 536/600/984 538/598/987
f 29/35/785 30/32/782 539/548/988 537/547/985
f 60/178/989 59/176/986 538/598/987 540/596/990
f 30/32/782 1/31/781 481/520/902 539/548/988
f 31/121/904 60/178/989 540/596/990 484/718/905
f 121/303/991 122/302/992 542/360/993 541/359/994
f 152/214/995 151/215/996 544/216/997 543/217/998
f 122/302/992 123/305/999 545/363/1000 542/360/993
f 153/218/1001 152/214/995 543/217/998 546/219/1002
f 123/305/999 124/307/1003 547/365/1004 545/363/1000
f 154/220/1005 153/218/1001 546/219/1002 548/221/1006
f 124/307/1003 125/309/1007 549/367/1008 547/365/1004
f 155/222/1009 154/220/1005 548/221/1006 550/223/1010
f 125/309/1007 126/311/1011 551/369/1012 549/367/1008
f 156/224/1013 155/222/1009 550/223/1010 552/225/1014
f 126/311/1011 127/312/1015 553/991/1016 551/369/1012
f 157/226/1017 156/224/1013 552/225/1014 554/227/1018
f 127/312/1015 128/974/1019 555/990/1020 553/991/1016
f 158/228/1021 157/226/1017 554/227/1018 556/229/1022
f 128/314/1019 129/316/1023 557/374/1024 555/372/1020
f 159/230/1025 158/228/1021 556/229/1022 558/231/1026
f 129/316/1023 130/318/1027 559/376/1028 557/374/1024
f 160/232/1029 159/230/1025 558/231/1026 560/233/1030
f 130/318/1027 131/320/1031 561/378/1032 559/376/1028
f 161/234/1033 160/232/1029 560/233/1030 562/235/1034
f 131/320/1031 132/322/1035 563/380/1036 561/378/1032
f 162/236/1037 161/234/1033 562/235/1034 564/237/1038
f 132/322/1035 133/324/1039 565/382/1040 563/380/1036
f 163/238/1041 162/236/1037 564/237/1038 566/239/1042
f 133/324/1039 134/326/1043 567/384/1044 565/382/1040
f 164/240/1045 163/238/1041 566/239/1042 568/241/1046
f 134/326/1043 135/328/1047 569/386/1048 567/384/1044
f 165/242/1049 164/240/1045 568/241/1046 570/243/1050
f 135/328/1047 136/330/1051 571/388/1052 569/386/1048
f 166/244/1053 165/242/1049 570/243/1050 572/614/1054
f 136/330/1051 137/332/1055 573/390/1056 571/388/1052
f 167/615/1057 166/244/1053 572/614/1054 574/617/1058
f 137/332/1055 138/334/1059 575/392/1060 573/390/1056
f 168/619/1061 167/615/1057 574/617/1058 576/621/1062
f 138/334/1059 139/336/1063 577/394/1064 575/392/1060
f 169/623/1065 168/619/1061 576/621/1062 578/625/1066
f 139/336/1063 140/338/1067 579/396/1068 577/394/1064
f 170/627/1069 169/623/1065 578/625/1066 580/629/1070
f 140/338/1067 141/340/1071 581/398/1072 579/396/1068
f 171/631/1073 170/627/1069 580/629/1070 582/633/1074
f 141/340/1071 142/342/1075 583/400/1076 581/398/1072
f 172/635/1077 171/631/1073 582/633/1074 584/637/1078
f 142/342/1075 143/344/1079 585/402/1080 583/400/1076
f 173/639/1081 172/635/1077 584/637/1078 586/641/1082
f 143/344/1079 144/346/1083 587/404/1084 585/402/1080
f 174/643/1085 173/639/1081 586/641/1082 588/645/1086
f 144/346/1083 145/348/1087 589/406/1088 587/404/1084
f 175/647/1089 174/643/1085 588/645/1086 590/649/1090
f 145/348/1087 146/350/1091 591/408/1092 589/406/1088
f 176/651/1093 175/647/1089 590/649/1090 592/653/1094
f 146/350/1091 147/352/1095 593/410/1096 591/408/1092
f 177/655/1097 176/651/1093 592/653/1094 594/657/1098
f 147/352/1095 148/354/1099 595/412/1100 593/410/1096
f 178/659/1101 177/655/1097 594/657/1098 596/661/1102
f 148/354/1099 149/356/1103 597/414/1104 595/412/1100
f 179/663/1105 178/659/1101 596/661/1102 598/665/1106
f 149/356/1103 150/358/1107 599/416/1108 597/414/1104
f 180/667/1109 179/663/1105 598/665/1106 600/669/1110
f 150/358/1107 121/303/991 541/359/994 599/416/1108
f 151/215/996 180/667/1109 600/669/1110 544/216/997
f 602/383/266 601/385/268 568/594/1111 566/592/1112
f 603/381/264 602/383/266 566/592/1112 564/590/1113
f 604/379/262 603/381/264 564/590/1113 562/588/1114
f 605/377/260 604/379/262 562/588/1114 560/586/1115
f 606/375/258 605/377/260 560/586/1115 558/584/1116
f 607/373/256 606/375/258 558/584/1116 556/582/1117
f 608/371/254 607/989/256 556/973/1117 554/972/1118
f 609/370/252 608/371/254 554/972/1118 552/580/1119
f 610/368/250 609/370/252 552/580/1119 550/578/1120
f 611/366/248 610/368/250 550/578/1120 548/576/1121
f 612/364/246 611/366/248 548/576/1121 546/574/1122
f 613/361/243 612/364/246 546/574/1122 543/572/1123
f 614/362/244 613/361/243 543/572/1123 544/570/1124
f 615/417/300 614/362/244 544/570/1124 600/568/1125
f 616/415/298 615/417/300 600/568/1125 598/566/1126
f 617/413/296 616/415/298 598/566/1126 596/564/1127
f 618/411/294 617/413/296 596/564/1127 594/562/1128
f 619/409/292 618/411/294 594/562/1128 592/560/1129
f 620/407/290 619/409/292 592/560/1129 590/558/1130
f 621/405/288 620/407/290 590/558/1130 588/556/1131
f 622/403/286 621/405/288 588/556/1131 586/554/1132
f 623/401/284 622/403/286 586/554/1132 584/551/1133
f 624/399/282 623/401/284 584/551/1133 582/550/1134
f 625/397/280 624/399/282 582/550/1134 580/549/1135
f 626/395/278 625/397/280 580/549/1135 578/1002/1136
f 627/393/276 626/395/278 578/1002/1136 576/1001/1137
f 628/391/274 627/393/276 576/1001/1137 574/1000/1138
f 629/389/272 628/391/274 574/1000/1138 572/999/1139
f 630/387/270 629/389/272 572/999/1139 570/998/1140
f 601/385/268 630/387/270 570/998/1140 568/594/1111
f 632/100/40 631/102/42 522/1007/1141 520/1006/1142
f 633/98/38 632/100/40 520/1006/1142 518/1005/1143
f 634/96/36 633/98/38 518/1005/1143 516/1004/1144
f 635/94/34 634/96/36 516/1004/1144 514/1003/1145
f 636/92/32 635/94/34 514/1003/1145 512/732/1146
f 637/90/30 636/92/32 512/732/1146 510/731/1147
f 638/88/28 637/90/30 510/731/1147 508/730/1148
f 639/86/26 638/88/28 508/730/1148 506/729/1149
f 640/84/24 639/86/26 506/729/1149 504/728/1150
f 641/82/22 640/84/24 504/728/1150 502/727/1151
f 642/80/20 641/82/22 502/727/1151 500/726/1152
f 643/78/18 642/80/20 500/726/1152 498/725/1153
f 644/76/16 643/78/18 498/725/1153 496/724/1154
f 645/74/14 644/995/16 496/975/1154 494/971/1155
f 646/73/12 645/74/14 494/971/1155 492/723/1156
f 647/71/10 646/73/12 492/723/1156 490/722/1157
f 648/69/8 647/71/10 490/722/1157 488/721/1158
f 649/67/6 648/69/8 488/721/1158 486/720/1159
f 650/64/3 649/67/6 486/720/1159 483/719/1160
f 651/65/4 650/64/3 483/719/1160 484/718/1161
f 652/120/60 651/65/4 484/718/1161 540/596/1162
f 653/118/58 652/120/60 540/596/1162 538/598/1163
f 654/116/56 653/118/58 538/598/1163 536/600/1164
f 655/114/54 654/116/56 536/600/1164 534/602/1165
f 656/112/52 655/114/54 534/602/1165 532/604/1166
f 657/110/50 656/112/52 532/604/1166 530/606/1167
f 658/108/48 657/110/50 530/606/1167 528/608/1168
f 659/106/46 658/108/48 528/608/1168 526/610/1169
f 660/104/44 659/106/46 526/610/1169 524/1008/1170
f 631/102/42 660/104/44 524/1008/1170 522/1007/1141
f 151/215/996 152/214/995 662/671/1171 661/673/1172
f 152/214/995 153/218/1001 663/733/1173 662/671/1171
f 153/218/1001 154/220/1005 664/734/1174 663/733/1173
f 154/220/1005 155/222/1009 665/735/1175 664/734/1174
f 155/222/1009 156/224/1013 666/736/1176 665/735/1175
f 156/224/1013 157/226/1017 667/737/1177 666/736/1176
f 157/226/1017 158/228/1021 668/738/1178 667/737/1177
f 158/228/1021 159/230/1025 669/739/1179 668/738/1178
f 159/230/1025 160/232/1029 670/740/1180 669/739/1179
f 160/232/1029 161/234/1033 671/741/1181 670/740/1180
f 161/234/1033 162/236/1037 672/742/1182 671/741/1181
f 162/236/1037 163/238/1041 673/743/1183 672/742/1182
f 163/238/1041 164/240/1045 674/744/1184 673/743/1183
f 164/240/1045 165/242/1049 675/745/1185 674/744/1184
f 165/242/1049 166/244/1053 676/746/1186 675/745/1185
f 166/244/1053 167/615/1057 677/747/1187 676/746/1186
f 167/615/1057 168/619/1061 678/748/1188 677/747/1187
f 168/619/1061 169/623/1065 679/749/1189 678/748/1188
f 169/623/1065 170/627/1069 680/750/1190 679/749/1189
f 170/627/1069 171/631/1073 681/751/1191 680/750/1190
f 171/631/1073 172/635/1077 682/752/1192 681/751/1191
f 172/635/1077 173/639/1081 683/753/1193 682/752/1192
f 173/639/1081 174/643/1085 684/754/1194 683/753/1193
f 174/643/1085 175/647/1089 685/755/1195 684/754/1194
f 175/647/1089 176/651/1093 686/756/1196 685/755/1195
f 176/651/1093 177/655/1097 687/757/1197 686/756/1196
f 177/655/1097 178/659/1101 688/758/1198 687/757/1197
f 178/659/1101 179/663/1105 689/759/1199 688/758/1198
f 179/663/1105 180/667/1109 690/760/1200 689/759/1199
f 180/667/1109 151/215/996 661/673/1172 690/760/1200
f 661/673/1201 662/671/1202 692/761/1203 691/762/1204
f 662/671/1202 663/733/1205 693/763/1206 692/761/1203
f 663/733/1205 664/734/1207 694/764/1208 693/763/1206
f 664/734/1207 665/735/1209 695/765/1210 694/764/1208
f 665/735/1209 666/736/1211 696/766/1212 695/765/1210
f 666/736/1211 667/737/1213 697/767/1214 696/766/1212
f 667/737/1213 668/738/1215 698/768/1216 697/767/1214
f 668/738/1215 669/739/1217 699/769/1218 698/768/1216
f 669/739/1217 670/740/1219 700/770/1220 699/769/1218
f 670/740/1219 671/741/1221 701/771/1222 700/770/1220
f 671/741/1221 672/742/1223 702/772/1224 701/771/1222
f 672/742/1223 673/743/1225 703/773/1226 702/772/1224
f 673/743/1225 674/744/1227 704/774/1228 703/773/1226
f 674/744/1227 675/745/1229 705/775/1230 704/774/1228
f 675/745/1229 676/746/1231 706/776/1232 705/775/1230
f 676/746/1231 677/747/1233 707/777/1234 706/776/1232
f 677/747/1233 678/748/1235 708/778/1236 707/777/1234
f 678/748/1235 679/749/1237 709/779/1238 708/778/1236
f 679/749/1237 680/750/1239 710/780/1240 709/779/1238
f 680/750/1239 681/751/1241 711/781/1242 710/780/1240
f 681/751/1241 682/752/1243 712/782/1244 711/781/1242
f 682/752/1243 683/753/1245 713/783/1246 712/782/1244
f 683/753/1245 684/754/1247 714/784/1248 713/783/1246
f 684/754/1247 685/755/1249 715/785/1250 714/784/1248
f 685/755/1249 686/756/1251 716/786/1252 715/785/1250
f 686/756/1251 687/757/1253 717/787/1254 716/786/1252
f 687/757/1253 688/758/1255 718/788/1256 717/787/1254
f 688/758/1255 689/759/1257 719/789/1258 718/788/1256
f 689/759/1257 690/760/1259 720/790/1260 719/789/1258
f 690/760/1259 661/673/1201 691/762/1204 720/790/1260
f 691/762/1261 692/761/1262 722/791/1263 721/792/1264
f 692/761/1262 693/763/1265 723/793/1266 722/791/1263
f 693/763/1265 694/764/1267 724/794/1268 723/793/1266
f 694/764/1267 695/765/1269 725/795/1270 724/794/1268
f 695/765/1269 696/766/1271 726/796/1272 725/795/1270
f 696/766/1271 697/767/1273 727/797/1274 726/796/1272
f 697/767/1273 698/768/1275 728/798/1276 727/797/1274
f 698/768/1275 699/769/1277 729/799/1278 728/798/1276
f 699/769/1277 700/770/1279 730/800/1280 729/799/1278
f 700/770/1279 701/771/1281 731/801/1282 730/800/1280
f 701/771/1281 702/772/1283 732/802/1284 731/801/1282
f 702/772/1283 703/773/1285 733/803/1286 732/802/1284
f 703/773/1285 704/774/1287 734/804/1288 733/803/1286
f 704/774/1287 705/775/1289 735/805/1290 734/804/1288
f 705/775/1289 706/776/1291 736/806/1292 735/805/1290
f 706/776/1291 707/777/1293 737/807/1294 736/806/1292
f 707/777/1293 708/778/1295 738/808/1296 737/807/1294
f 708/778/1295 709/779/1297 739/809/1298 738/808/1296
f 709/779/1297 710/780/1299 740/810/1300 739/809/1298
f 710/780/1299 711/781/1301 741/811/1302 740/810/1300
f 711/781/1301 712/782/1303 742/812/1304 741/811/1302
f 712/782/1303 713/783/1305 743/813/1306 742/812/1304
f 713/783/1305 714/784/1307 744/814/1308 743/813/1306
f 714/784/1307 715/785/1309 745/815/1310 744/814/1308
f 715/785/1309 716/786/1311 746/816/1312 745/815/1310
f 716/786/1311 717/787/1313 747/817/1314 746/816/1312
f 717/787/1313 718/788/1315 748/818/1316 747/817/1314
f 718/788/1315 719/789/1317 749/819/1318 748/818/1316
f 719/789/1317 720/790/1319 750/820/1320 749/819/1318
f 720/790/1319 691/762/1261 721/792/1264 750/820/1320
f 811/821/1321 812/822/1322 893/823/1323 894/824/1324
f 812/822/1322 815/825/1325 892/826/1326 893/823/1323
f 815/825/1325 817/827/1327 891/828/1328 892/826/1326
f 817/827/1327 819/829/1329 890/830/1330 891/828/1328
f 819/829/1329 821/831/1331 889/832/1332 890/830/1330
f 821/831/1331 823/833/1333 888/834/1334 889/832/1332
f 823/833/1333 825/835/1335 887/836/1336 888/834/1334
f 825/835/1335 827/837/1337 886/838/1338 887/836/1336
f 827/837/1337 829/839/1339 885/840/1340 886/838/1338
f 829/839/1339 831/841/1341 884/842/1342 885/840/1340
f 831/841/1341 833/843/1343 883/844/1344 884/842/1342
f 833/843/1343 835/845/1345 882/846/1346 883/844/1344
f 835/845/1345 837/847/1347 881/848/1348 882/846/1346
f 837/847/1347 839/849/1349 880/850/1350 881/848/1348
f 839/849/1349 841/851/1351 879/852/1352 880/850/1350
f 841/851/1351 843/853/1353 878/854/1354 879/852/1352
f 843/853/1353 845/855/1355 877/856/1356 878/854/1354
f 845/855/1355 847/857/1357 876/858/1358 877/856/1356
f 847/857/1357 849/859/1359 875/860/1360 876/858/1358
f 849/859/1359 851/861/1361 874/862/1362 875/860/1360
f 851/861/1361 853/863/1363 873/864/1364 874/862/1362
f 853/863/1363 855/865/1365 872/866/1366 873/864/1364
f 855/865/1365 857/867/1367 871/868/1368 872/866/1366
f 857/867/1367 859/869/1369 900/870/1370 871/868/1368
f 859/869/1369 861/871/1371 899/872/1372 900/870/1370
f 861/871/1371 863/873/1373 898/874/1374 899/872/1372
f 863/873/1373 865/875/1375 897/876/1376 898/874/1374
f 865/875/1375 867/877/1377 896/878/1378 897/876/1376
f 867/877/1377 869/879/1379 895/880/1380 896/878/1378
f 869/879/1379 811/821/1321 894/824/1324 895/880/1380
f 751/881/1381 752/882/1382 782/185/1383 781/184/1384
f 752/882/1382 753/883/1385 783/186/1386 782/185/1383
f 753/883/1385 754/884/1387 784/187/1388 783/186/1386
f 754/884/1387 755/885/1389 785/188/1390 784/187/1388
f 755/885/1389 756/886/1391 786/189/1392 785/188/1390
f 756/886/1391 757/887/1393 787/190/1394 786/189/1392
f 757/887/1393 758/888/1395 788/191/1396 787/190/1394
f 758/888/1395 759/889/1397 789/192/1398 788/191/1396
f 759/889/1397 760/890/1399 790/193/1400 789/192/1398
f 760/890/1399 761/891/1401 791/194/1402 790/193/1400
f 761/891/1401 762/892/1403 792/195/1404 791/194/1402
f 762/892/1403 763/893/1405 793/196/1406 792/195/1404
f 763/893/1405 764/894/1407 794/197/1408 793/196/1406
f 764/894/1407 765/895/1409 795/198/1410 794/197/1408
f 765/895/1409 766/896/1411 796/199/1412 795/198/1410
f 766/896/1411 767/897/1413 797/200/1414 796/199/1412
f 767/897/1413 768/898/1415 798/201/1416 797/200/1414
f 768/898/1415 769/899/1417 799/202/1418 798/201/1416
f 769/899/1417 770/900/1419 800/203/1420 799/202/1418
f 770/900/1419 771/901/1421 801/204/1422 800/203/1420
f 771/901/1421 772/902/1423 802/205/1424 801/204/1422
f 772/902/1423 773/903/1425 803/206/1426 802/205/1424
f 773/903/1425 774/904/1427 804/207/1428 803/206/1426
f 774/904/1427 775/905/1429 805/208/1430 804/207/1428
f 775/905/1429 776/906/1431 806/209/1432 805/208/1430
f 776/906/1431 777/907/1433 807/210/1434 806/209/1432
f 777/907/1433 778/908/1435 808/211/1436 807/210/1434
f 778/908/1435 779/909/1437 809/212/1438 808/211/1436
f 779/909/1437 780/910/1439 810/213/1440 809/212/1438
f 780/910/1439 751/881/1381 781/184/1384 810/213/1440
f 721/792/1441 722/791/1442 923/911/1443 924/912/1444
f 752/882/1382 751/881/1381 814/913/1445 813/914/1446
f 722/791/1442 723/793/1447 922/915/1448 923/911/1443
f 753/883/1385 752/882/1382 813/914/1446 816/916/1449
f 723/793/1447 724/794/1450 921/917/1451 922/915/1448
f 754/884/1387 753/883/1385 816/916/1449 818/918/1452
f 724/794/1450 725/795/1453 920/919/1454 921/917/1451
f 755/885/1389 754/884/1387 818/918/1452 820/920/1455
f 725/795/1453 726/796/1456 919/921/1457 920/919/1454
f 756/886/1391 755/885/1389 820/920/1455 822/922/1458
f 726/796/1456 727/797/1459 918/923/1460 919/921/1457
f 757/887/1393 756/886/1391 822/922/1458 824/924/1461
f 727/797/1459 728/798/1462 917/925/1463 918/923/1460
f 758/888/1395 757/887/1393 824/924/1461 826/926/1464
f 728/798/1462 729/799/1465 916/927/1466 917/925/1463
f 759/889/1397 758/888/1395 826/926/1464 828/928/1467
f 729/799/1465 730/800/1468 915/929/1469 916/927/1466
f 760/890/1399 759/889/1397 828/928/1467 830/930/1470
f 730/800/1468 731/801/1471 914/931/1472 915/929/1469
f 761/891/1401 760/890/1399 830/930/1470 832/932/1473
f 731/801/1471 732/802/1474 913/933/1475 914/931/1472
f 762/892/1403 761/891/1401 832/932/1473 834/934/1476
f 732/802/1474 733/803/1477 912/935/1478 913/933/1475
f 763/893/1405 762/892/1403 834/934/1476 836/936/1479
f 733/803/1477 734/804/1480 911/937/1481 912/935/1478
f 764/894/1407 763/893/1405 836/936/1479 838/938/1482
f 734/804/1480 735/805/1483 910/939/1484 911/937/1481
f 765/895/1409 764/894/1407 838/938/1482 840/940/1485
f 735/805/1483 736/806/1486 909/941/1487 910/939/1484
f 766/896/1411 765/895/1409 840/940/1485 842/942/1488
f 736/806/1486 737/807/1489 908/943/1490 909/941/1487
f 767/897/1413 766/896/1411 842/942/1488 844/944/1491
f 737/807/1489 738/808/1492 907/945/1493 908/943/1490
f 768/898/1415 767/897/1413 844/944/1491 846/946/1494
f 738/808/1492 739/809/1495 906/947/1496 907/945/1493
f 769/899/1417 768/898/1415 846/946/1494 848/948/1497
f 739/809/1495 740/810/1498 905/949/1499 906/947/1496
f 770/900/1419 769/899/1417 848/948/1497 850/950/1500
f 740/810/1498 741/811/1501 904/951/1502 905/949/1499
f 771/901/1421 770/900/1419 850/950/1500 852/952/1503
f 741/811/1501 742/812/1504 903/953/1505 904/951/1502
f 772/902/1423 771/901/1421 852/952/1503 854/954/1506
f 742/812/1504 743/813/1507 902/955/1508 903/953/1505
f 773/903/1425 772/902/1423 854/954/1506 856/956/1509
f 743/813/1507 744/814/1510 901/957/1511 902/955/1508
f 774/904/1427 773/903/1425 856/956/1509 858/958/1512
f 744/814/1510 745/815/1513 930/959/1514 901/957/1511
f 775/905/1429 774/904/1427 858/958/1512 860/960/1515
f 745/815/1513 746/816/1516 929/961/1517 930/959/1514
f 776/906/1431 775/905/1429 860/960/1515 862/962/1518
f 746/816/1516 747/817/1519 928/963/1520 929/961/1517
f 777/907/1433 776/906/1431 862/962/1518 864/964/1521
f 747/817/1519 748/818/1522 927/965/1523 928/963/1520
f 778/908/1435 777/907/1433 864/964/1521 866/966/1524
f 748/818/1522 749/819/1525 926/967/1526 927/965/1523
f 779/909/1437 778/908/1435 866/966/1524 868/968/1527
f 749/819/1525 750/820/1528 925/969/1529 926/967/1526
f 780/910/1439 779/909/1437 868/968/1527 870/970/1530
f 750/820/1528 721/792/1441 924/912/1444 925/969/1529
f 751/881/1381 780/910/1439 870/970/1530 814/913/1445
f 872/866/1366 871/868/1368 858/958/1531 856/956/1532
f 873/864/1364 872/866/1366 856/956/1532 854/954/1533
f 874/862/1362 873/864/1364 854/954/1533 852/952/1534
f 875/860/1360 874/862/1362 852/952/1534 850/950/1535
f 876/858/1358 875/860/1360 850/950/1535 848/948/1536
f 877/856/1356 876/858/1358 848/948/1536 846/946/1537
f 878/854/1354 877/856/1356 846/946/1537 844/944/1538
f 879/852/1352 878/854/1354 844/944/1538 842/942/1539
f 880/850/1350 879/852/1352 842/942/1539 840/940/1540
f 881/848/1348 880/850/1350 840/940/1540 838/938/1541
f 882/846/1346 881/848/1348 838/938/1541 836/936/1542
f 883/844/1344 882/846/1346 836/936/1542 834/934/1543
f 884/842/1342 883/844/1344 834/934/1543 832/932/1544
f 885/840/1340 884/842/1342 832/932/1544 830/930/1545
f 886/838/1338 885/840/1340 830/930/1545 828/928/1546
f 887/836/1336 886/838/1338 828/928/1546 826/926/1547
f 888/834/1334 887/836/1336 826/926/1547 824/924/1548
f 889/832/1332 888/834/1334 824/924/1548 822/922/1549
f 890/830/1330 889/832/1332 822/922/1549 820/920/1550
f 891/828/1328 890/830/1330 820/920/1550 818/918/1551
f 892/826/1326 891/828/1328 818/918/1551 816/916/1552
f 893/823/1323 892/826/1326 816/916/1552 813/914/1553
f 894/824/1324 893/823/1323 813/914/1553 814/913/1554
f 895/880/1380 894/824/1324 814/913/1554 870/970/1555
f 896/878/1378 895/880/1380 870/970/1555 868/968/1556
f 897/876/1376 896/878/1378 868/968/1556 866/966/1557
f 898/874/1374 897/876/1376 866/966/1557 864/964/1558
f 899/872/1372 898/874/1374 864/964/1558 862/962/1559
f 900/870/1370 899/872/1372 862/962/1559 860/960/1560
f 871/868/1368 900/870/1370 860/960/1560 858/958/1531
f 902/955/1508 901/957/1511 857/867/1561 855/865/1562
f 903/953/1505 902/955/1508 855/865/1562 853/863/1563
f 904/951/1502 903/953/1505 853/863/1563 851/861/1564
f 905/949/1499 904/951/1502 851/861/1564 849/859/1565
f 906/947/1496 905/949/1499 849/859/1565 847/857/1566
f 907/945/1493 906/947/1496 847/857/1566 845/855/1567
f 908/943/1490 907/945/1493 845/855/1567 843/853/1568
f 909/941/1487 908/943/1490 843/853/1568 841/851/1569
f 910/939/1484 909/941/1487 841/851/1569 839/849/1570
f 911/937/1481 910/939/1484 839/849/1570 837/847/1571
f 912/935/1478 911/937/1481 837/847/1571 835/845/1572
f 913/933/1475 912/935/1478 835/845/1572 833/843/1573
f 914/931/1472 913/933/1475 833/843/1573 831/841/1574
f 915/929/1469 914/931/1472 831/841/1574 829/839/1575
f 916/927/1466 915/929/1469 829/839/1575 827/837/1576
f 917/925/1463 916/927/1466 827/837/1576 825/835/1577
f 918/923/1460 917/925/1463 825/835/1577 823/833/1578
f 919/921/1457 918/923/1460 823/833/1578 821/831/1579
f 920/919/1454 919/921/1457 821/831/1579 819/829/1580
f 921/917/1451 920/919/1454 819/829/1580 817/827/1581
f 922/915/1448 921/917/1451 817/827/1581 815/825/1582
f 923/911/1443 922/915/1448 815/825/1582 812/822/1583
f 924/912/1444 923/911/1443 812/822/1583 811/821/1584
f 925/969/1529 924/912/1444 811/821/1584 869/879/1585
f 926/967/1526 925/969/1529 869/879/1585 867/877/1586
f 927/965/1523 926/967/1526 867/877/1586 865/875/1587
f 928/963/1520 927/965/1523 865/875/1587 863/873/1588
f 929/961/1517 928/963/1520 863/873/1588 861/871/1589
f 930/959/1514 929/961/1517 861/871/1589 859/869/1590
f 901/957/1511 930/959/1514 859/869/1590 857/867/1561
